date,SHY,IEF,TLT,TIP,LQD,HYG,EMB,BNDX,SPY
2015-01-02,67.87639617919922,81.46292877197266,91.56645965576172,81.71878051757812,79.10404205322266,47.86016082763672,62.23533630371094,38.238441467285156,169.26751708984375
2015-01-09,67.98880004882812,82.56409454345703,94.26342010498047,81.97248840332031,79.81038665771484,48.127235412597656,62.64521408081055,38.245628356933594,168.29522705078125
2015-01-16,68.14940643310547,83.40522766113281,95.78804779052734,82.49441528320312,80.14048767089844,47.8441276550293,63.083580017089844,38.5036506652832,166.13644409179688
2015-01-23,68.12531280517578,83.5352554321289,96.92437744140625,82.87144470214844,80.72138214111328,48.07917404174805,63.5617790222168,38.72583770751953,168.88848876953125
2015-01-30,68.22968292236328,84.5369873046875,99.4487075805664,83.8210220336914,81.7842025756836,48.19670104980469,63.62437438964844,38.74733352661133,164.34019470214844
2015-02-06,67.97505187988281,82.61601257324219,94.37466430664062,82.5379409790039,80.20556640625,48.773231506347656,63.663795471191406,38.49758529663086,169.36647033691406
2015-02-13,67.98310852050781,82.09514617919922,92.3785400390625,81.66804504394531,79.98046875,48.869728088378906,63.835182189941406,38.46886444091797,172.8518524169922
2015-02-20,67.98310852050781,81.65089416503906,91.18946075439453,81.53755187988281,80.00033569335938,49.025272369384766,63.692359924316406,38.44734573364258,174.05474853515625
2015-02-27,68.03129577636719,82.44747924804688,93.34420013427734,82.74090576171875,80.62249755859375,49.2719841003418,64.23501586914062,38.676998138427734,173.5768280029297
2015-03-06,67.9276351928711,80.92852020263672,89.17219543457031,81.1678237915039,79.08074188232422,48.81040573120117,63.447696685791016,38.47008514404297,170.97312927246094
2015-03-13,67.99995422363281,81.74937438964844,91.4971694946289,80.83438110351562,79.62496185302734,48.58415985107422,62.87462615966797,38.728729248046875,169.59715270996094
2015-03-20,68.11245727539062,83.09193420410156,94.95578002929688,82.4654541015625,80.63382720947266,48.71342468261719,64.00349426269531,38.85087585449219,174.14480590820312
2015-03-27,68.1526870727539,82.94615173339844,94.63082122802734,82.40021514892578,80.49443054199219,48.72959899902344,64.12960052490234,38.75746154785156,170.27964782714844
2015-04-03,68.22251892089844,83.310791015625,94.59020233154297,82.67566680908203,80.87903594970703,48.94350814819336,64.88700866699219,38.80484390258789,170.85903930664062
2015-04-10,68.19035339355469,83.04951477050781,93.78705596923828,82.60316467285156,80.95221710205078,49.381771087646484,65.32978820800781,38.9271240234375,173.83848571777344
2015-04-17,68.26274871826172,83.7411117553711,95.11112213134766,83.71951293945312,81.33816528320312,49.25191879272461,65.18599700927734,38.955875396728516,172.1087646484375
2015-04-24,68.26274871826172,83.47213745117188,93.38910675048828,83.3788070678711,80.9588623046875,49.408809661865234,65.61148834228516,38.88397979736328,175.1710205078125
2015-05-01,68.19440460205078,82.17517852783203,89.90485382080078,82.5596694946289,79.3803939819336,49.340084075927734,65.10688781738281,38.46750259399414,174.40138244628906
2015-05-08,68.2265396118164,82.1290054321289,88.82449340820312,82.09574127197266,79.4204330444336,49.497650146484375,65.15884399414062,38.1866569519043,175.14620971679688
2015-05-15,68.26677703857422,82.1366958618164,88.157470703125,82.02323150634766,79.2469482421875,49.45961380004883,65.11840057373047,38.06425094604492,175.82492065429688
2015-05-22,68.18632507324219,81.69802856445312,87.294677734375,81.86375427246094,78.63296508789062,49.35091781616211,65.12420654296875,38.04263687133789,176.28009033203125
2015-05-29,68.25069427490234,82.2829360961914,88.96957397460938,82.0667495727539,78.92658233642578,49.40528106689453,64.84144592285156,38.265869140625,174.74893188476562
2015-06-05,68.11951446533203,80.46308898925781,85.44837951660156,80.72569274902344,77.58753204345703,48.82228469848633,63.7578125,37.72599411010742,173.61508178710938
2015-06-12,68.11145782470703,80.59410095214844,85.70272827148438,80.80541229248047,77.52726745605469,48.724037170410156,63.392887115478516,37.71879959106445,173.81370544433594
2015-06-19,68.24827575683594,81.51132202148438,86.52377319335938,81.6318130493164,77.97561645507812,48.93144607543945,63.833072662353516,37.762027740478516,175.32449340820312
2015-06-26,68.15975189208984,80.23181915283203,83.72634887695312,80.7836685180664,76.91831970214844,48.5766716003418,63.6709098815918,37.553009033203125,174.50115966796875
2015-07-03,68.31908416748047,80.8035659790039,84.47137451171875,81.28385162353516,77.48725891113281,48.66208267211914,63.939537048339844,37.56144714355469,172.41363525390625
2015-07-10,68.28687286376953,80.7803955078125,84.5078353881836,81.05911254882812,77.21209716796875,48.689517974853516,63.88722610473633,37.74186325073242,172.55502319335938
2015-07-17,68.26270294189453,81.10464477539062,86.45208740234375,81.20410919189453,77.48725891113281,48.62920379638672,63.77095413208008,37.92226028442383,176.71343994140625
2015-07-24,68.24661254882812,81.67588806152344,88.39640045166016,81.2620849609375,77.76245880126953,47.83964920043945,63.36397933959961,38.160396575927734,172.98751831054688
2015-07-31,68.30296325683594,82.16993713378906,89.22651672363281,81.6607894897461,78.08458709716797,48.23441696166992,63.759300231933594,38.232566833496094,175.06668090820312
2015-08-07,68.21280670166016,82.28903198242188,90.74230194091797,81.2475814819336,77.98360443115234,47.75852584838867,63.30931854248047,38.21162414550781,172.94593811035156
2015-08-14,68.21280670166016,82.15760803222656,90.46497344970703,80.9721450805664,77.6806869506836,47.5767822265625,63.355995178222656,38.226051330566406,174.16851806640625
2015-08-21,68.35771942138672,83.23228454589844,92.24573516845703,81.29834747314453,78.0778579711914,47.07007598876953,62.50385284423828,38.334407806396484,164.5294952392578
2015-08-28,68.29328918457031,82.37409973144531,89.2973403930664,80.95761108398438,77.63365936279297,47.565757751464844,63.00582504272461,38.059932708740234,165.7353515625
2015-09-04,68.3175048828125,82.83660125732422,89.7252197265625,80.62200164794922,78.33960723876953,47.556636810302734,63.09416198730469,38.25314712524414,160.17147827148438
2015-09-11,68.32554626464844,82.53460693359375,88.78174591064453,80.68742370605469,78.0426025390625,47.85540771484375,63.19965362548828,38.21695327758789,163.6229248046875
2015-09-18,68.38996887207031,83.00702667236328,89.30099487304688,80.84739685058594,78.4677963256836,47.49582290649414,63.95580291748047,38.29649353027344,163.39512634277344
2015-09-25,68.37393951416016,82.75920867919922,88.89142608642578,80.05502319335938,78.1370620727539,46.5109977722168,62.60182571411133,38.2386474609375,161.22149658203125
2015-10-02,68.5672836303711,84.00202941894531,91.28938293457031,81.21995544433594,78.68745422363281,45.8282356262207,62.897212982177734,38.43553161621094,163.01895141601562
2015-10-09,68.4786376953125,83.32723236083984,89.61832427978516,80.93627166748047,78.63333892822266,47.31248474121094,63.90396499633789,38.2327995300293,168.310791015625
2015-10-16,68.5108642578125,83.7847900390625,90.82768249511719,80.94357299804688,79.19514465332031,47.406982421875,64.49276733398438,38.38484191894531,169.93264770507812
2015-10-23,68.48667907714844,83.35828399658203,90.29266357421875,80.92176055908203,79.31028747558594,47.712711334228516,64.32201385498047,38.507904052734375,173.47720336914062
2015-10-30,68.37386322021484,83.00151824951172,89.98482513427734,80.70356750488281,78.80928802490234,47.56817626953125,63.880435943603516,38.50068664550781,173.82830810546875
2015-11-06,68.18917083740234,81.84651947021484,87.4045181274414,79.83074951171875,77.90028381347656,47.213016510009766,63.957313537597656,38.1823616027832,175.59225463867188
2015-11-13,68.26984405517578,82.1805191040039,87.90398406982422,79.87439727783203,78.1650619506836,46.35296630859375,63.7740478515625,38.38539505004883,169.3223419189453
2015-11-20,68.205322265625,82.2970199584961,88.46953582763672,80.44171142578125,78.4977035522461,46.26362609863281,64.4301986694336,38.51589584350586,174.98199462890625
2015-11-27,68.221435546875,82.61544036865234,88.85147857666016,80.62355041503906,78.65386962890625,46.4088249206543,64.24694061279297,38.610172271728516,175.19102478027344
2015-12-04,68.19805145263672,82.28482055664062,88.75287628173828,80.31079864501953,78.46243286132812,46.38536834716797,63.704627990722656,38.290550231933594,175.24118041992188
2015-12-11,68.24644470214844,83.2027587890625,91.09346771240234,80.23806762695312,78.42837524414062,44.62334060668945,62.48798751831055,38.55937194824219,168.7705078125
2015-12-18,68.18999481201172,82.79825592041016,90.703369140625,79.88167572021484,77.93144226074219,44.62893295288086,62.903404235839844,38.55210876464844,168.21080017089844
2015-12-25,68.16825103759766,82.56819915771484,89.8609390258789,79.8380355834961,78.205810546875,45.40605545043945,63.210933685302734,38.490203857421875,172.9706573486328
2016-01-01,68.0955810546875,82.27208709716797,88.93897247314453,79.7725830078125,77.83715057373047,45.456851959228516,63.10359573364258,38.51933670043945,171.44851684570312
2016-01-08,68.25701141357422,83.48761749267578,90.98945617675781,80.28897857666016,78.2672348022461,44.8588981628418,62.84709167480469,38.6577262878418,161.39895629882812
2016-01-15,68.40229034423828,84.14212799072266,92.75230407714844,80.17987060546875,77.9258804321289,43.950653076171875,61.6599235534668,38.67959213256836,157.9425811767578
2016-01-22,68.410400390625,84.04862213134766,92.44989013671875,79.96894836425781,77.51622772216797,44.469635009765625,62.36982727050781,38.635887145996094,160.2215576171875
2016-01-29,68.5395278930664,85.01477813720703,93.8956069946289,81.02354431152344,77.9327163696289,44.7291374206543,63.1274528503418,39.021934509277344,162.9126739501953
2016-02-05,68.6081771850586,85.63821411132812,95.12305450439453,81.01629638671875,77.65674591064453,43.87930679321289,62.965179443359375,39.15028381347656,158.0602569580078
2016-02-12,68.64856719970703,86.28592681884766,97.17749786376953,81.1690444946289,77.71157836914062,43.49382019042969,62.71361541748047,39.091941833496094,156.95018005371094
2016-02-19,68.61624908447266,86.21566009521484,96.8153305053711,80.9872055053711,77.89640808105469,44.01538848876953,63.4981803894043,39.26694107055664,161.46620178222656
2016-02-26,68.57586669921875,86.13763427734375,96.37194061279297,81.73633575439453,78.6976089477539,44.91676712036133,64.13903045654297,39.427364349365234,164.06483459472656
2016-03-04,68.49262237548828,85.2677001953125,95.21469116210938,81.8745346069336,78.83824920654297,46.08766555786133,65.06414794921875,39.423641204833984,168.55557250976562
2016-03-11,68.39566802978516,84.70516967773438,94.2965316772461,81.4963607788086,79.81342315673828,46.81144332885742,65.45506286621094,39.43094253540039,170.51499938964844
2016-03-18,68.56534576416016,85.43962097167969,95.55521392822266,82.56547546386719,80.83665466308594,46.95962142944336,66.15267181396484,39.67182540893555,172.76390075683594
2016-03-25,68.52495574951172,85.32242584228516,95.91059112548828,82.27454376220703,80.96028900146484,46.36119842529297,65.70164489746094,39.752105712890625,171.69882202148438
2016-04-01,68.67121124267578,86.19599914550781,96.95511627197266,83.4455795288086,81.86198425292969,46.5887565612793,66.53765106201172,39.79296875,174.9109649658203
2016-04-08,68.7601318359375,86.76731872558594,97.94183349609375,83.54008483886719,82.09613800048828,46.67466735839844,66.44103240966797,39.866050720214844,172.86534118652344
2016-04-15,68.75204467773438,86.52470397949219,97.84539031982422,83.15460968017578,82.33718872070312,47.23003005981445,67.2259292602539,39.880645751953125,175.6379852294922
2016-04-22,68.655029296875,85.62471008300781,95.23382568359375,82.78369140625,82.40606689453125,47.751060485839844,67.2319564819336,39.697959899902344,176.64385986328125
2016-04-29,68.7358627319336,86.08642578125,95.9906234741211,83.55462646484375,82.86747741699219,48.00869369506836,67.39497375488281,39.705284118652344,174.4122772216797
2016-05-06,68.78357696533203,86.53401947021484,96.97931671142578,83.38735961914062,82.75349426269531,47.46916961669922,67.31620025634766,39.93644332885742,173.8966064453125
2016-05-13,68.7754898071289,86.91020965576172,98.33983612060547,83.8237533569336,82.87782287597656,47.61300277709961,67.77668762207031,39.9437255859375,173.08509826660156
2016-05-20,68.63802337646484,85.92267608642578,96.75631713867188,82.98009490966797,82.11821746826172,47.82006072998047,66.94654083251953,39.91447067260742,173.70217895507812
2016-05-27,68.62181854248047,85.89910125732422,96.53330993652344,83.14008331298828,82.29777526855469,48.136383056640625,67.28585815429688,40.04611587524414,177.71737670898438
2016-06-03,68.77637481689453,87.03952026367188,99.24967193603516,83.71200561523438,83.33191680908203,48.26492691040039,68.1402359008789,40.26218032836914,177.75123596191406
2016-06-10,68.84923553466797,87.4789810180664,100.40428924560547,84.25763702392578,83.74739074707031,48.44988250732422,68.3896484375,40.29146957397461,177.57369995117188
2016-06-17,68.922119140625,87.69092559814453,101.02257537841797,83.95206451416016,83.62274169921875,48.04530715942383,68.04289245605469,40.320735931396484,175.48072814941406
2016-06-24,68.99500274658203,88.0755386352539,101.1492919921875,84.23578643798828,83.90664672851562,48.114654541015625,68.32881164550781,40.29878616333008,172.6937255859375
2016-07-01,69.09209442138672,88.8906021118164,104.91017150878906,85.54244995117188,85.43890380859375,49.049659729003906,70.32500457763672,40.881683349609375,178.3696746826172
2016-07-08,69.0597152709961,89.44871520996094,107.17152404785156,85.9005355834961,86.37628173828125,49.70000457763672,71.11956787109375,41.116241455078125,180.68939208984375
2016-07-15,68.90582275390625,87.97100830078125,103.28323364257812,85.0674819946289,85.4666519165039,49.723243713378906,71.12561798095703,40.867034912109375,183.39141845703125
2016-07-22,68.94629669189453,88.1281967163086,103.5892333984375,84.8263168334961,85.64029693603516,50.03678894042969,71.02176666259766,40.94032669067383,184.58956909179688
2016-07-29,69.03546905517578,88.87487030029297,105.64901733398438,85.42555236816406,86.09161376953125,49.595489501953125,71.01568603515625,41.116241455078125,184.48756408691406
2016-08-05,68.94709014892578,88.06266021728516,103.1801528930664,84.89070892333984,85.2513198852539,49.89472579956055,70.96713256835938,40.92550277709961,185.3882598876953
2016-08-12,68.9795150756836,88.45614624023438,104.7353286743164,85.16950225830078,86.15633392333984,50.343841552734375,72.12736511230469,41.15289306640625,185.6261749267578
2016-08-19,68.92276000976562,88.04685974121094,103.71109771728516,85.09612274169922,85.92658233642578,50.50717544555664,72.07823944091797,41.079532623291016,185.69415283203125
2016-08-26,68.83363342285156,87.72411346435547,103.4493179321289,84.88338470458984,85.90572357177734,50.48968505859375,71.887939453125,41.10888671875,184.6320037841797
2016-09-02,68.90653228759766,87.8853530883789,103.83979797363281,85.10926055908203,86.0932846069336,50.90583419799805,72.07381439208984,41.03247833251953,185.5496826171875
2016-09-09,68.88226318359375,87.49130249023438,101.51029968261719,84.73375701904297,85.02539825439453,50.24383544921875,71.67926788330078,40.90030288696289,181.2246856689453
2016-09-16,68.9471435546875,87.56219482421875,100.93350982666016,84.63803100585938,84.96260070800781,50.32585906982422,71.10598754882812,40.7974967956543,182.217041015625
2016-09-23,68.95523071289062,87.9878158569336,102.48402404785156,85.57312774658203,85.76519012451172,50.82381057739258,72.27102661132812,41.06184005737305,184.4544219970703
2016-09-30,68.96331024169922,88.18489837646484,103.00093078613281,85.7719497680664,85.97465515136719,51.116695404052734,72.2525863647461,41.14999008178711,184.7191925048828
2016-10-07,68.88142395019531,87.3246078491211,100.49224853515625,85.15343475341797,85.4511947631836,51.27912902832031,72.03092956542969,40.85301971435547,183.6431427001953
2016-10-14,68.84890747070312,86.98519897460938,98.743896484375,84.99142456054688,85.1082763671875,51.10847473144531,71.52947998046875,40.72071075439453,182.00352478027344
2016-10-21,68.91387176513672,87.40351867675781,100.03457641601562,85.5068588256836,85.7311019897461,51.408565521240234,72.11145782470703,40.83097839355469,182.7379150390625
2016-10-28,68.88142395019531,86.79573822021484,97.88843536376953,85.14605712890625,84.58345031738281,50.767215728759766,70.92897033691406,40.59575271606445,181.50820922851562
2016-11-04,69.0039291381836,87.34422302246094,99.04513549804688,85.33016204833984,84.7643051147461,50.22767639160156,70.86839294433594,40.625885009765625,178.1007537841797
2016-11-11,68.7928466796875,84.66485595703125,91.75242614746094,84.12261199951172,82.84880065917969,49.335174560546875,67.5679702758789,40.10342025756836,184.82167053222656
2016-11-18,68.65483093261719,83.51091003417969,90.85778045654297,83.43783569335938,81.80337524414062,50.02082443237305,67.81037902832031,40.01514434814453,186.59800720214844
2016-11-25,68.58177947998047,83.28958129882812,90.835205078125,83.29058837890625,81.80337524414062,50.670963287353516,67.94085693359375,40.059288024902344,189.17709350585938
2016-12-02,68.64672088623047,83.24935150146484,90.10006713867188,83.34469604492188,81.89225006103516,50.68958282470703,67.6070327758789,40.063621520996094,187.605712890625
2016-12-09,68.63858032226562,82.78234100341797,88.5180435180664,83.23397064208984,81.75154113769531,51.34854507446289,68.29353332519531,39.91627883911133,193.4384307861328
2016-12-16,68.47611236572266,82.0304946899414,88.24685668945312,81.97216796875,81.32940673828125,51.08735275268555,68.09381866455078,40.0194206237793,193.31590270996094
2016-12-23,68.56633758544922,82.41439819335938,89.16524505615234,82.95359802246094,82.06708526611328,51.584373474121094,68.86982727050781,40.20695114135742,193.8914031982422
2016-12-30,68.65571594238281,83.0961685180664,89.98096466064453,83.50700378417969,82.66673278808594,51.55458450317383,68.95115661621094,40.29603576660156,192.0187225341797
2017-01-06,68.60699462890625,83.31023406982422,91.28765106201172,83.71358489990234,83.0265121459961,51.95963668823242,70.12097930908203,40.04367446899414,195.17994689941406
2017-01-13,68.66385650634766,83.54803466796875,91.6275405883789,84.10466003417969,83.09001159667969,52.01324462890625,70.16481018066406,40.10303497314453,195.04254150390625
2017-01-20,68.66385650634766,83.0961685180664,90.59278869628906,83.90545654296875,82.76549530029297,51.941741943359375,69.87702941894531,39.96943664550781,194.77622985839844
2017-01-27,68.71263122558594,83.0168685913086,90.3586196899414,84.09729766845703,82.77961730957031,52.18598937988281,70.04592895507812,39.895233154296875,196.69186401367188
2017-02-03,68.70530700683594,83.21418762207031,90.07701873779297,83.9940185546875,82.7979736328125,52.33743667602539,70.77532196044922,39.87667465209961,197.0096435546875
2017-02-10,68.76225280761719,83.54766082763672,91.40927124023438,84.26701354980469,83.13748931884766,52.36734390258789,70.97630310058594,39.97319793701172,198.87374877929688
2017-02-17,68.75413513183594,83.51591491699219,91.07621002197266,84.23746490478516,83.28607177734375,52.510948181152344,70.93863677978516,40.054931640625,201.94908142089844
2017-02-24,68.84358215332031,84.22249603271484,92.3554458618164,84.82780456542969,84.02179718017578,52.79812240600586,71.49130249023438,40.28521728515625,203.3665008544922
2017-03-03,68.64342498779297,83.13775634765625,90.51595306396484,84.0161361694336,83.34191131591797,52.87253952026367,71.34127807617188,40.17075729370117,204.80970764160156
2017-03-10,68.61088562011719,82.66868591308594,88.92332458496094,83.35202026367188,82.2850341796875,51.857025146484375,70.56578826904297,39.89567184448242,204.18260192871094
2017-03-17,68.68412780761719,83.26493072509766,89.97747802734375,83.97925567626953,82.85958862304688,52.32572555541992,71.27194213867188,39.94771194458008,204.5014190673828
2017-03-24,68.77367401123047,83.86124420166016,91.67630767822266,84.45146179199219,83.49798583984375,52.175514221191406,71.7132797241211,40.163291931152344,201.7664794921875
2017-03-31,68.798095703125,83.94869232177734,91.54736328125,84.59907531738281,83.63272094726562,52.7463264465332,71.68804168701172,40.24509811401367,203.38844299316406
2017-04-07,68.76387786865234,84.09125518798828,91.7411880493164,84.491943359375,83.7664566040039,52.73607635498047,71.93303680419922,40.41325378417969,202.922607421875
2017-04-14,68.9430923461914,85.15025329589844,93.83882141113281,85.14216613769531,84.73371124267578,52.63349533081055,72.2241439819336,40.53978729248047,200.60177612304688
2017-04-21,68.98379516601562,85.1263198852539,93.89200592041016,84.7653579711914,84.69097137451172,52.86281204223633,72.4963150024414,40.52487564086914,202.3962860107422
2017-04-28,68.92677307128906,84.87950134277344,92.98760223388672,84.97958374023438,84.62700653076172,53.176605224609375,72.91404724121094,40.44300842285156,205.4073486328125
2017-05-05,68.87132263183594,84.5206069946289,92.37454223632812,84.25666046142578,84.43588256835938,53.07656478881836,72.73231506347656,40.469818115234375,206.80503845214844
2017-05-12,68.91212463378906,84.68014526367188,92.45069885253906,84.27147674560547,84.8851547241211,53.31901931762695,73.04998779296875,40.477256774902344,206.18386840820312
2017-05-19,68.96101379394531,85.36593627929688,94.2176284790039,84.87887573242188,85.55551147460938,53.440223693847656,73.01827239990234,40.566646575927734,205.6057891845703
2017-05-26,68.94470977783203,85.32606506347656,94.04243469238281,84.73812103271484,85.45563507080078,53.67660140991211,73.38040924072266,40.70814895629883,208.53921508789062
2017-06-02,69.01321411132812,85.91194152832031,95.87496948242188,85.2484130859375,86.17417907714844,53.91191864013672,73.99493408203125,40.690982818603516,210.66162109375
2017-06-09,68.91537475585938,85.6643295288086,94.94384002685547,84.7584457397461,85.838134765625,53.753700256347656,73.68878173828125,40.79534149169922,210.00588989257812
2017-06-16,68.94796752929688,86.02368927001953,96.43213653564453,84.39469146728516,86.40300750732422,53.65022659301758,73.71430969238281,40.79534149169922,210.3624267578125
2017-06-23,68.97245025634766,86.0956039428711,97.52351379394531,84.86236572265625,86.64614868164062,53.680641174316406,73.54209899902344,40.89970397949219,210.78726196289062
2017-06-30,68.92350769042969,85.14517974853516,95.49333953857422,84.20906066894531,86.16705322265625,53.79628372192383,72.94253540039062,40.5195426940918,209.6342010498047
2017-07-07,68.90469360351562,84.60047149658203,93.85517120361328,83.7044677734375,85.83006286621094,53.543827056884766,72.29132080078125,40.309898376464844,209.90292358398438
2017-07-14,68.99452209472656,85.10440063476562,94.32171630859375,84.14360046386719,86.43942260742188,54.1122932434082,73.30304718017578,40.41435623168945,212.89398193359375
2017-07-21,69.05167388916016,85.69627380371094,96.12660217285156,84.53809356689453,87.14202880859375,54.23454666137695,73.8216781616211,40.6530876159668,214.0384521484375
2017-07-28,69.05982971191406,85.44031524658203,94.74994659423828,84.59758758544922,86.82659149169922,54.34455871582031,73.74479675292969,40.59341049194336,214.06439208984375
2017-08-04,69.04431915283203,85.66059875488281,95.75298309326172,84.73699188232422,86.78919982910156,54.31877517700195,74.0750503540039,40.793514251708984,214.49789428710938
2017-08-11,69.1750717163086,86.15731048583984,96.90271759033203,85.21431732177734,86.60954284667969,53.600669860839844,73.90788269042969,40.91302490234375,211.6455078125
2017-08-18,69.13417053222656,86.17328643798828,97.04830169677734,84.99803161621094,86.7244873046875,53.68658447265625,74.28074645996094,40.87567901611328,210.4231414794922
2017-08-25,69.16687774658203,86.36552429199219,97.58480834960938,85.08011627197266,87.1270751953125,54.14692306518555,74.8143081665039,40.920467376708984,212.0270233154297
2017-09-01,69.1766586303711,86.45491790771484,97.34797668457031,85.27883911132812,87.06865692138672,54.43562698364258,75.20040130615234,40.94211959838867,214.87066650390625
2017-09-08,69.25846099853516,87.1609115600586,99.0760498046875,86.10081481933594,87.37854766845703,54.10896682739258,75.67147827148438,41.06916427612305,213.77833557128906
2017-09-15,69.14400482177734,86.39871215820312,97.43248748779297,85.56275939941406,87.22001647949219,54.4910888671875,75.54241180419922,40.80759048461914,217.11331176757812
2017-09-22,69.05400848388672,85.83710479736328,96.925537109375,85.2115249633789,87.19116973876953,54.503440856933594,75.14226531982422,40.80759048461914,217.33108520507812
2017-09-29,69.06216430664062,85.46002960205078,95.81958770751953,84.87529754638672,87.37133026123047,54.70682907104492,75.1293716430664,40.80012130737305,218.89071655273438
2017-10-06,69.03189086914062,85.26639556884766,95.1131591796875,84.76161193847656,87.40241241455078,54.70991134643555,74.94927978515625,40.784393310546875,221.62640380859375
2017-10-13,69.07280731201172,85.86097717285156,96.85240936279297,85.32229614257812,87.85772705078125,54.66660690307617,75.42219543457031,40.91156768798828,222.1318359375
2017-10-20,68.99099731445312,85.20215606689453,95.41324615478516,84.78401947021484,87.48191833496094,54.889404296875,75.17604064941406,40.88912582397461,224.0137939453125
2017-10-27,69.00731658935547,85.04946899414062,94.8437728881836,84.81398010253906,87.37346649169922,54.75323486328125,75.02056884765625,40.971405029296875,224.5365447998047
2017-11-03,68.96473693847656,85.59952545166016,96.89551544189453,85.35123443603516,87.76507568359375,54.676185607910156,75.0617446899414,41.142059326171875,225.18130493164062
2017-11-10,68.9320068359375,85.16498565673828,95.70785522460938,85.17149353027344,86.86661529541016,54.13551712036133,74.43087768554688,41.03724670410156,224.86764526367188
2017-11-17,68.88280487060547,85.44660949707031,97.47392272949219,85.4786148071289,87.27957916259766,54.35924530029297,74.94464111328125,41.15703201293945,224.667236328125
2017-11-24,68.89918518066406,85.52710723876953,97.79014587402344,85.49356079101562,87.80852508544922,54.607818603515625,75.32184600830078,41.2393913269043,226.84536743164062
2017-12-01,68.86565399169922,85.3746566772461,97.79666137695312,85.47328186035156,87.70201110839844,54.534393310546875,75.35469055175781,41.275447845458984,230.41766357421875
2017-12-08,68.85742950439453,85.35858917236328,97.90483856201172,85.53346252441406,87.89089965820312,54.515682220458984,75.4264907836914,41.35039520263672,231.33251953125
2017-12-15,68.84101104736328,85.52781677246094,99.18766784667969,85.68392181396484,88.47937774658203,54.42829513549805,75.76597595214844,41.41033172607422,233.39071655273438
2017-12-22,68.78687286376953,84.78971099853516,96.62503814697266,85.26751708984375,87.8363265991211,54.52298355102539,75.80657196044922,41.20799255371094,234.26637268066406
2017-12-29,68.83613586425781,85.21753692626953,98.24354553222656,85.94556427001953,88.49881744384766,54.68595504760742,76.04238891601562,41.26186752319336,233.6970977783203
2018-01-05,68.7786636352539,84.87849426269531,97.35297393798828,85.82504272460938,88.01106262207031,55.13089370727539,76.44843292236328,41.208736419677734,239.44203186035156
2018-01-12,68.74581146240234,84.41027069091797,96.4313735961914,85.41818237304688,87.96739959716797,54.88648223876953,76.06201934814453,41.125267028808594,243.3828125
2018-01-19,68.72119903564453,83.78072357177734,95.3007583618164,85.28256225585938,87.19567108154297,54.861385345458984,75.69522857666016,41.13284683227539,245.56326293945312
2018-01-26,68.65548706054688,83.76449584960938,95.71121215820312,85.41069030761719,87.76350402832031,54.99929428100586,75.98997497558594,41.125267028808594,250.96661376953125
2018-02-02,68.61934661865234,82.64778900146484,92.79854583740234,84.6729965209961,86.58264923095703,54.261661529541016,74.94036865234375,40.9346923828125,241.2197265625
2018-02-09,68.7097396850586,82.64778900146484,91.52586364746094,84.01744842529297,85.56796264648438,53.462379455566406,73.4626693725586,41.01066970825195,229.0032501220703
2018-02-16,68.570068359375,82.47797393798828,92.12338256835938,84.24352264404297,85.8818588256836,54.40639114379883,74.1128921508789,41.04104232788086,239.17047119140625
2018-02-23,68.59469604492188,82.57498168945312,91.67328643798828,84.31885528564453,85.56067657470703,54.36864471435547,74.00120544433594,41.09422302246094,240.5716552734375
2018-03-02,68.63257598876953,82.65509796142578,92.02925872802734,84.52230072021484,85.09976959228516,54.180233001708984,73.88948059082031,41.14970016479492,235.64132690429688
2018-03-09,68.59970092773438,82.53364562988281,91.68711853027344,84.40171813964844,84.98263549804688,54.3824348449707,73.96195220947266,41.20288848876953,244.21466064453125
2018-03-16,68.61611938476562,82.89801025390625,93.16456604003906,84.53734588623047,85.47306060791016,54.21183776855469,73.9290542602539,41.377742767333984,241.08680725097656
2018-03-23,68.69013977050781,83.16525268554688,93.44450378417969,84.83123016357422,84.71177673339844,53.65580749511719,73.17807006835938,41.47658157348633,226.88710021972656
2018-03-30,68.73951721191406,83.56205749511719,94.78976440429688,85.1854019165039,85.9343032836914,54.11076736450195,74.31768035888672,41.605796813964844,231.37118530273438
2018-04-06,68.75929260253906,83.48499298095703,94.36894989013672,85.27003479003906,85.94679260253906,54.097415924072266,74.39962005615234,41.60731887817383,228.35537719726562
2018-04-13,68.66047668457031,83.20919036865234,94.21308898925781,85.45130157470703,85.86602783203125,54.744537353515625,74.29388427734375,41.5844841003418,233.12966918945312
2018-04-20,68.56988525390625,82.38990783691406,92.31165313720703,84.89984130859375,84.77213287353516,54.49076461791992,73.46117401123047,41.485572814941406,234.41334533691406
2018-04-27,68.60282135009766,82.40618133544922,92.64676666259766,85.0055923461914,84.66199493408203,54.408302307128906,73.02490997314453,41.54644012451172,234.36932373046875
2018-05-04,68.59709167480469,82.60187530517578,92.92910766601562,85.06522369384766,84.42586517333984,54.423099517822266,72.06453704833984,41.58681869506836,233.89463806152344
2018-05-11,68.57231903076172,82.41490936279297,93.11656188964844,85.04247283935547,84.8602523803711,54.62063980102539,72.42278289794922,41.541107177734375,239.8997802734375
2018-05-18,68.58058166503906,81.8785629272461,91.53894805908203,84.50371551513672,84.13875579833984,54.41035842895508,71.58692932128906,41.38120651245117,238.56332397460938
2018-05-25,68.73728942871094,82.81319427490234,93.421142578125,84.9590072631836,84.94861602783203,54.512271881103516,72.72130584716797,41.480194091796875,239.28431701660156
2018-06-01,68.76686096191406,83.0010986328125,94.17052459716797,85.2287826538086,84.86639404296875,54.52177810668945,71.94537353515625,41.439815521240234,240.5592498779297
2018-06-08,68.77513122558594,82.82193756103516,93.56777954101562,85.17548370361328,84.56359100341797,54.82255554199219,71.7388916015625,41.241661071777344,244.59494018554688
2018-06-15,68.7420883178711,82.91966247558594,94.23308563232422,85.30489349365234,84.67437744140625,55.11696243286133,71.13265228271484,41.54651641845703,244.7570343017578
2018-06-22,68.79987335205078,83.14766693115234,94.35050964355469,85.54843139648438,84.19430541992188,54.982540130615234,71.5456771850586,41.72183609008789,242.64625549316406
2018-06-29,68.84944152832031,83.473388671875,95.28205871582031,85.90619659423828,84.61528778076172,54.451393127441406,71.12601470947266,41.698978424072266,239.5904541015625
2018-07-06,68.87427520751953,83.7099838256836,96.30591583251953,86.3424301147461,85.32274627685547,54.857032775878906,72.42111206054688,41.80424118041992,243.24685668945312
2018-07-13,68.85771942138672,83.7099838256836,96.28240966796875,86.2278060913086,85.70794677734375,55.03702926635742,72.96292877197266,41.888145446777344,246.9297332763672
2018-07-20,68.85771942138672,83.39179229736328,94.7446517944336,85.66243743896484,85.37462615966797,55.04345703125,72.62178802490234,41.872901916503906,247.00924682617188
2018-07-27,68.80811309814453,83.02469635009766,93.72471618652344,85.36444091796875,85.6042251586914,55.22990417480469,73.29742431640625,41.735591888427734,248.54592895507812
2018-08-03,68.86444091796875,83.14727020263672,93.74547576904297,85.45465087890625,85.82149505615234,55.492088317871094,72.74870300292969,41.66685104370117,250.47128295898438
2018-08-10,68.97212219238281,83.67859649658203,94.87786102294922,85.83826446533203,85.71004486083984,55.45338439941406,71.44569396972656,41.789031982421875,250.08267211914062
2018-08-17,68.99701690673828,83.78488159179688,95.12940979003906,85.86894226074219,86.16326141357422,55.55018997192383,71.88225555419922,41.80428695678711,251.76071166992188
2018-08-24,69.0384292602539,84.1036605834961,96.15953826904297,86.3216323852539,86.36387634277344,55.76972198486328,72.13748931884766,41.79664993286133,253.9245147705078
2018-08-31,69.04670715332031,83.87479400634766,95.14518737792969,85.9993667602539,85.76947784423828,55.75681686401367,71.26433563232422,41.781394958496094,256.39752197265625
2018-09-07,68.98113250732422,83.47018432617188,93.88580322265625,85.62677001953125,85.44009399414062,55.569435119628906,71.2211685180664,41.8050651550293,254.0040283203125
2018-09-14,68.93136596679688,83.15074920654297,93.42866516113281,85.27259826660156,85.77545166015625,55.9779052734375,71.9563217163086,41.74394607543945,256.9008483886719
2018-09-21,68.89818572998047,82.72480773925781,92.28596496582031,85.1417236328125,85.48477935791016,55.9195671081543,72.3272476196289,41.728641510009766,259.0485534667969
2018-09-28,68.94796752929688,82.86402130126953,92.41992950439453,85.16480255126953,85.64872741699219,56.04924774169922,72.71168518066406,41.68277359008789,257.921875
2018-10-05,68.89557647705078,81.8414306640625,89.2850112915039,84.20238494873047,84.42431640625,55.5600700378418,71.68224334716797,41.40740966796875,255.3490753173828
2018-10-12,68.9454574584961,82.30925750732422,90.41448974609375,84.32566833496094,84.70836639404297,55.46237564086914,71.66192626953125,41.491546630859375,244.81825256347656
2018-10-19,68.9454574584961,82.1615219116211,89.81424713134766,84.04824829101562,84.24488830566406,55.29951477050781,71.42486572265625,41.613922119140625,245.08432006835938
2018-10-26,69.09506225585938,83.00687408447266,90.82520294189453,84.37189483642578,84.41683959960938,54.86313247680664,71.41131591796875,41.83576965332031,235.39627075195312
2018-11-02,69.00853729248047,82.22310638427734,88.6782455444336,83.5093002319336,83.81036376953125,55.16056823730469,71.14222717285156,41.70880889892578,241.21620178222656
2018-11-09,69.0168685913086,82.38755798339844,89.7471694946289,83.77922058105469,84.13282775878906,55.219512939453125,71.1626205444336,41.73942565917969,246.42401123046875
2018-11-16,69.20840454101562,83.18537139892578,90.8160400390625,84.31136322021484,83.79530334472656,54.50599670410156,70.76808166503906,41.75474548339844,242.8486328125
2018-11-23,69.23333740234375,83.3251953125,91.16443634033203,83.97972869873047,83.72782135009766,54.13944625854492,70.01978302001953,41.84661865234375,233.5509490966797
2018-11-30,69.31660461425781,83.71177673339844,91.31485748291016,84.27284240722656,83.59283447265625,54.72200393676758,70.53678894042969,41.93086242675781,244.5519561767578
2018-12-07,69.45174407958984,84.74369812011719,93.97106170654297,84.81732940673828,84.18194580078125,54.46294403076172,71.10662841796875,42.13932418823242,233.83485412597656
2018-12-14,69.48507690429688,84.52935028076172,94.02662658691406,84.2226333618164,84.81388854980469,54.67992401123047,71.50291442871094,42.18531799316406,231.08457946777344
2018-12-21,69.65122985839844,85.24986267089844,96.0315933227539,84.45752716064453,84.77739715576172,53.004234313964844,71.21809387207031,42.2236442565918,214.79196166992188
2018-12-28,69.81828308105469,85.73712158203125,96.29403686523438,84.65868377685547,84.91325378417969,53.539344787597656,71.63313293457031,42.35186767578125,221.0831756591797
2019-01-04,69.84334564208984,86.22444152832031,97.13727569580078,85.1692886352539,85.39627075195312,54.43122482299805,72.73307037353516,42.43789291381836,225.2237548828125
2019-01-11,69.83499145507812,86.03446960449219,96.19855499267578,85.30855560302734,85.84913635253906,55.4222412109375,72.9959487915039,42.3909797668457,231.10440063476562
2019-01-18,69.7765121459961,85.42329406738281,95.10875701904297,84.8985366821289,86.16606903076172,55.82521438598633,73.82609558105469,42.5161018371582,237.77920532226562
2019-01-25,69.82661437988281,85.7536392211914,95.88040161132812,84.85208129882812,86.83023071289062,55.76576232910156,74.50405883789062,42.71940612792969,237.17247009277344
2019-02-01,69.93673706054688,86.15738677978516,96.43990325927734,85.62574005126953,87.80546569824219,56.20100021362305,75.4258804321289,42.8398323059082,240.99179077148438
2019-02-08,70.0455093383789,86.5794906616211,97.54814147949219,85.68763732910156,88.07797241210938,56.274009704589844,74.80769348144531,42.96508026123047,241.35760498046875
2019-02-15,70.02037811279297,86.43876647949219,97.25313568115234,85.74952697753906,87.97956085205078,56.67884063720703,75.17584228515625,42.972900390625,247.51495361328125
2019-02-22,70.08731842041016,86.57122802734375,96.92625427246094,86.05896759033203,88.10067749023438,56.80495071411133,75.55088806152344,43.07466125488281,249.0945281982422
2019-03-01,70.03202056884766,85.88289642333984,94.80597686767578,85.61027526855469,87.6823501586914,57.07248306274414,75.35050201416016,42.89929962158203,250.2366485595703
2019-03-08,70.19129943847656,86.85311889648438,97.1310043334961,86.12085723876953,88.39612579345703,56.73245620727539,75.31555938720703,43.29883575439453,244.91819763183594
2019-03-15,70.2499771118164,87.143310546875,97.27485656738281,86.64693450927734,88.73783874511719,57.18582534790039,76.0479507446289,43.32234573364258,252.13653564453125
2019-03-22,70.44283294677734,88.17986297607422,99.75961303710938,87.3896484375,90.02114868164062,57.22579574584961,76.31989288330078,43.643516540527344,250.29019165039062
2019-03-29,70.51824188232422,88.45346069335938,101.0219955444336,87.47473907470703,90.40840148925781,57.64579391479492,76.75929260253906,43.690547943115234,253.18533325195312
2019-04-05,70.45442199707031,87.85355377197266,99.31484985351562,87.12657165527344,90.29264831542969,57.87281799316406,77.0492172241211,43.606624603271484,258.643798828125
2019-04-12,70.42078399658203,87.47134399414062,98.22583770751953,87.08016204833984,90.650634765625,58.227684020996094,76.65705871582031,43.606624603271484,260.0687255859375
2019-04-19,70.46285247802734,87.51286315917969,98.41002655029297,87.15753173828125,90.31550598144531,58.040191650390625,76.69203186035156,43.59093475341797,259.9434509277344
2019-04-26,70.62239074707031,88.00312805175781,99.138671875,87.76868438720703,91.12284851074219,58.23438262939453,76.7060546875,43.73992919921875,262.98175048828125
2019-05-03,70.57691955566406,87.82164764404297,99.22640228271484,87.36245727539062,90.85031127929688,58.21161651611328,77.18975830078125,43.75639343261719,263.53741455078125
2019-05-10,70.703125,88.35449981689453,100.10104370117188,87.65653991699219,90.79682159423828,57.982975006103516,76.8803939819336,43.80348587036133,258.2223815917969
2019-05-17,70.81254577636719,88.86238861083984,101.09603118896484,87.85771179199219,91.09475708007812,57.78795623779297,76.62020111083984,43.9839973449707,256.19671630859375
2019-05-24,70.87984466552734,89.39521789550781,102.5323486328125,88.15179443359375,91.46142578125,57.592979431152344,76.98584747314453,44.109580993652344,253.45419311523438
2019-05-31,71.15758514404297,90.67743682861328,105.78211975097656,89.2042465209961,92.30172729492188,57.088653564453125,77.2741928100586,44.32148742675781,246.72296142578125
2019-06-07,71.3084716796875,91.1220474243164,105.92687225341797,89.59258270263672,93.1453628540039,58.159969329833984,78.72813415527344,44.638893127441406,257.8191223144531
2019-06-14,71.32527923583984,91.19718933105469,105.70172119140625,88.93115234375,93.30626678466797,58.288326263427734,78.5727767944336,44.71745681762695,259.2620544433594
2019-06-21,71.45182037353516,91.38069152832031,105.67758178710938,89.74043273925781,94.73920440673828,58.99082946777344,79.67435455322266,44.92169189453125,264.79217529296875
2019-06-28,71.48552703857422,91.78107452392578,106.78719329833984,89.87275695800781,95.29852294921875,58.889503479003906,79.99917602539062,45.01597595214844,263.8914794921875
2019-07-05,71.35545349121094,91.58221435546875,106.69052124023438,89.69434356689453,95.1563491821289,59.022499084472656,80.35221862792969,45.2636833190918,268.8090515136719
2019-07-12,71.3976821899414,91.13092803955078,104.9100341796875,89.8351821899414,94.57234191894531,58.9818000793457,80.10409545898438,44.99633026123047,270.7815246582031
2019-07-19,71.4653091430664,91.60726928710938,106.09435272216797,90.14811706542969,95.11026000976562,58.7511100769043,80.3451156616211,45.358062744140625,267.64727783203125
2019-07-26,71.43993377685547,91.45684051513672,105.91707611083984,89.96036529541016,95.54827117919922,59.1446418762207,80.89807891845703,45.47601318359375,272.0064392089844
2019-08-02,71.65995788574219,93.05020141601562,110.19644165039062,90.54804229736328,96.41751098632812,58.86390686035156,80.883544921875,45.786041259765625,263.5492248535156
2019-08-09,71.7784423828125,93.87057495117188,113.05403137207031,91.38709259033203,97.0494155883789,58.76852035522461,81.41719055175781,46.014278411865234,262.648681640625
2019-08-16,72.0069580078125,95.1095962524414,117.96206665039062,91.9203109741211,98.52125549316406,58.66630554199219,81.12545013427734,46.502296447753906,260.1539001464844
2019-08-23,71.99844360351562,95.25191497802734,117.82483673095703,92.04579162597656,98.94508361816406,58.97295379638672,81.13258361816406,46.35274887084961,256.5513000488281
2019-08-30,71.99844360351562,95.44445037841797,118.89039611816406,92.25752258300781,99.25336456298828,59.38856506347656,81.83695983886719,46.54166030883789,263.396240234375
2019-09-06,71.96116638183594,95.09224700927734,117.89573669433594,92.03705596923828,98.97438049316406,59.62877655029297,82.38890838623047,46.38648223876953,268.43988037109375
2019-09-13,71.6305923461914,92.66044616699219,110.41557312011719,90.33456420898438,96.33949279785156,59.64244079589844,80.41097259521484,45.819244384765625,271.17779541015625
2019-09-20,71.76619720458984,93.91830444335938,114.74195098876953,91.39371490478516,98.2635269165039,59.86141586303711,81.73914337158203,46.213134765625,269.8876647949219
2019-09-27,71.8678970336914,94.2369613647461,115.42122650146484,91.15834045410156,98.17852783203125,59.580875396728516,80.85372161865234,46.38648223876953,267.28173828125
2019-10-04,72.20323181152344,95.58137512207031,118.26415252685547,91.9881362915039,99.37541198730469,59.38134002685547,81.63446807861328,46.4511604309082,266.331787109375
2019-10-11,71.97400665283203,93.97730255126953,113.76814270019531,90.88784790039062,98.06608581542969,59.61494064331055,80.91072845458984,45.985931396484375,268.0780029296875
2019-10-18,72.02493286132812,94.01930236816406,113.0715103149414,91.13934326171875,98.49992370605469,59.83476257324219,81.17584991455078,45.94650650024414,269.6070861816406
2019-10-25,71.96549224853516,93.70857238769531,112.21283721923828,91.2572250366211,98.54642486572266,60.04090881347656,81.29767608642578,45.94650650024414,272.8915710449219
2019-11-01,72.08428955078125,94.31131744384766,114.06403350830078,91.34368133544922,99.03865814208984,59.89838790893555,81.6964111328125,46.026851654052734,276.9993591308594
2019-11-08,71.94823455810547,92.72161865234375,109.47909545898438,90.83280944824219,97.65589904785156,59.91907501220703,80.80467987060547,45.63226318359375,279.5329284667969
2019-11-15,72.05028533935547,93.51223754882812,111.79183197021484,91.04501342773438,98.54146575927734,59.98112487792969,80.94129943847656,45.81375503540039,282.111572265625
2019-11-22,72.06726837158203,93.94122314453125,113.52848052978516,91.57166290283203,99.02310943603516,59.80867004394531,80.73992156982422,45.90848159790039,281.360595703125
2019-11-29,72.09278106689453,93.84033966064453,113.95040893554688,91.47734069824219,99.4115219116211,59.98112487792969,80.63207244873047,45.900577545166016,284.3917541503906
2019-12-06,72.07914733886719,93.46967315673828,112.463623046875,91.65353393554688,99.44738006591797,60.210445404052734,81.05647277832031,45.75838851928711,284.8984680175781
2019-12-13,72.12177276611328,93.62970733642578,113.02452850341797,91.89742279052734,100.00821685791016,60.681392669677734,82.12472534179688,45.892669677734375,287.1153564453125
2019-12-20,72.11923217773438,93.0199966430664,111.25942993164062,91.81019592285156,99.70148468017578,60.97465133666992,82.55821990966797,45.789981842041016,291.62738037109375
2019-12-27,72.1875,93.3658218383789,111.80496978759766,91.85746765136719,100.17005920410156,61.113685607910156,83.13788604736328,45.8643913269043,293.5641784667969
2020-01-03,72.29837799072266,94.02374267578125,113.27047729492188,92.6685562133789,100.49027252197266,61.32220458984375,82.89875793457031,46.009979248046875,293.1549072265625
2020-01-10,72.26428985595703,93.83816528320312,112.71687316894531,92.3299560546875,100.51371002197266,61.44040298461914,83.03640747070312,45.94527053833008,296.155517578125
2020-01-17,72.32401275634766,93.88037109375,112.37493896484375,92.21183013916016,100.7402114868164,61.4195556640625,83.47846221923828,45.94527053833008,301.8293762207031
2020-01-24,72.4093246459961,94.8419189453125,115.68048858642578,92.84182739257812,101.58364868164062,60.95381164550781,83.1668472290039,46.30921173095703,298.9378967285156
2020-01-31,72.62262725830078,96.19149780273438,118.79073333740234,93.75524139404297,102.38028717041016,60.842567443847656,84.03634643554688,46.62464904785156,292.53668212890625
2020-02-07,72.53289794921875,95.66195678710938,117.78923797607422,93.40602111816406,102.33094787597656,61.40519332885742,84.14617156982422,46.54771041870117,302.0566711425781
2020-02-14,72.54998016357422,95.69571685791016,117.88711547851562,93.44544982910156,102.55803680419922,61.70535659790039,84.60425567626953,46.5720100402832,306.9666748046875
2020-02-21,72.66104888916016,96.49813079833984,120.73336791992188,93.96568298339844,103.16091918945312,61.65647506713867,85.08415222167969,46.83102035522461,303.2205505371094
2020-02-28,73.25924682617188,99.04043579101562,126.66239166259766,94.62004089355469,103.49761199951172,60.0579833984375,82.98273468017578,46.936241149902344,269.37786865234375
2020-03-06,73.7684097290039,101.81407928466797,136.20936584472656,96.59867095947266,105.41242980957031,59.63031005859375,84.1482162475586,47.30398941040039,270.4689025878906
2020-03-13,73.83690643310547,99.23492431640625,125.73051452636719,89.96114349365234,96.60383605957031,56.12474822998047,73.0257797241211,45.92695617675781,244.88232421875
2020-03-20,74.01661682128906,100.74858093261719,130.2144775390625,91.33275604248047,83.79926300048828,48.903160095214844,66.47930908203125,44.80107498168945,209.2624053955078
2020-03-27,74.15352630615234,102.3045654296875,136.9689178466797,94.79344177246094,96.11709594726562,54.00730895996094,71.19393920898438,45.71637725830078,231.7799835205078
2020-04-03,74.21863555908203,103.23875427246094,137.82113647460938,95.78778839111328,95.31220245361328,51.82632827758789,70.06720733642578,45.52275466918945,226.99659729003906
2020-04-10,74.21863555908203,102.40901184082031,135.2774658203125,95.9457015991211,103.75727844238281,58.034210205078125,74.2814712524414,45.86325454711914,254.44407653808594
2020-04-17,74.24434661865234,103.0779037475586,137.25680541992188,95.21145629882812,102.75773620605469,57.13932800292969,73.18212127685547,46.10648727416992,262.1633605957031
2020-04-24,74.22718811035156,103.40806579589844,139.7351531982422,96.46674346923828,102.23826599121094,55.187461853027344,71.7895736694336,46.25239562988281,258.8066711425781
2020-05-01,74.26311492919922,103.15255737304688,137.54954528808594,95.7704086303711,101.26133728027344,55.6966552734375,73.34143829345703,46.395877838134766,258.6421203613281
2020-05-08,74.31454467773438,103.0,134.29811096191406,96.0790786743164,99.93578338623047,56.454071044921875,74.78336334228516,46.3634147644043,267.4681091308594
2020-05-15,74.33170318603516,103.35594177246094,136.53399658203125,96.19778442382812,101.42700958251953,55.7179069519043,75.15864562988281,46.37152862548828,261.8340148925781
2020-05-22,74.2973861694336,103.2966537475586,135.58387756347656,96.31649017333984,103.12338256835938,57.50177764892578,77.62315368652344,46.541927337646484,270.21185302734375
2020-05-29,74.31454467773438,103.34747314453125,133.9786834716797,96.39562225341797,104.16487121582031,58.34414291381836,78.27794647216797,46.631168365478516,278.33355712890625
2020-06-05,74.23729705810547,101.60997772216797,128.01699829101562,95.61214447021484,104.60935974121094,60.022037506103516,80.0469970703125,46.394046783447266,292.0710144042969
2020-06-12,74.28020477294922,102.98438262939453,133.0930938720703,96.41938781738281,104.67262268066406,58.586483001708984,79.47872924804688,46.694522857666016,278.23297119140625
2020-06-19,74.28883361816406,103.11164093017578,133.16685485839844,96.97337341308594,105.97765350341797,58.89920425415039,80.253662109375,46.80821228027344,283.5268859863281
2020-06-26,74.3231201171875,103.47643280029297,135.5121612548828,97.39282989501953,105.59010314941406,57.80478286743164,80.19462585449219,46.8731803894043,275.6358337402344
2020-07-03,74.3411865234375,103.35761260986328,134.30825805664062,97.67774963378906,107.0628433227539,58.61248779296875,81.2223129272461,46.846343994140625,286.8247985839844
2020-07-10,74.32395935058594,103.5019760131836,136.55780029296875,97.86768341064453,107.712890625,58.86945343017578,81.25193786621094,46.97639083862305,291.74859619140625
2020-07-17,74.35833740234375,103.620849609375,136.92723083496094,98.42169189453125,108.86244201660156,59.60451126098633,81.9477767944336,47.00077819824219,295.5425720214844
2020-07-24,74.35833740234375,103.88406372070312,139.357421875,98.80154418945312,109.49663543701172,60.375240325927734,83.1988525390625,47.171451568603516,294.77099609375
2020-07-31,74.40125274658203,104.27468872070312,140.39190673828125,99.60883331298828,109.67899322509766,60.93901443481445,83.71703338623047,47.32587432861328,299.9521179199219
2020-08-07,74.38411712646484,104.13023376464844,139.6275177001953,99.85416412353516,110.2390365600586,61.02573776245117,84.76236724853516,47.29983901977539,307.3470764160156
2020-08-14,74.33251953125,103.1954116821289,134.1206512451172,99.15770721435547,107.57763671875,60.24474334716797,84.13129425048828,47.00700759887695,309.4324035644531
2020-08-21,74.34113311767578,103.78178405761719,136.602783203125,99.75920867919922,108.40386962890625,60.71762466430664,84.38373565673828,47.218505859375,311.8575134277344
2020-08-28,74.35830688476562,103.15290832519531,132.42750549316406,100.0440902709961,107.2518539428711,61.01140213012695,84.33174133300781,46.9988899230957,322.0543212890625
2020-09-04,74.3402328491211,103.30421447753906,133.91006469726562,99.93328857421875,107.44596099853516,60.782264709472656,84.4457015991211,47.13485336303711,314.69598388671875
2020-09-11,74.36605072021484,103.7634506225586,135.3418426513672,100.11531829833984,107.78032684326172,60.75349044799805,84.32654571533203,47.273258209228516,306.8785400390625
2020-09-18,74.36605072021484,103.49983978271484,134.59303283691406,100.0915756225586,108.06696319580078,60.63835144042969,83.61177825927734,47.31395721435547,304.96185302734375
2020-09-25,74.3746337890625,103.82296752929688,135.868408203125,100.0440902709961,106.86473083496094,59.67436218261719,82.16719818115234,47.379085540771484,303.1910400390625
2020-10-02,74.3746109008789,103.55844116210938,134.05709838867188,100.11297607421875,107.56922912597656,60.56516647338867,82.43185424804688,47.424705505371094,307.9040832519531
2020-10-09,74.34020233154297,102.97976684570312,131.8660430908203,100.24791717529297,107.66499328613281,61.374290466308594,84.00069427490234,47.44915008544922,319.9032897949219
2020-10-16,74.35741424560547,103.18402862548828,132.93682861328125,100.31938934326172,107.99214172363281,61.143123626708984,83.76910400390625,47.644683837890625,320.30914306640625
2020-10-23,74.33161926269531,102.44364929199219,130.15274047851562,99.93031311035156,107.41764068603516,61.316532135009766,82.90248107910156,47.47358703613281,318.91644287109375
2020-10-30,74.34882354736328,102.17129516601562,129.7903289794922,99.43798828125,106.70745849609375,60.60124588012695,82.19277954101562,47.530616760253906,301.1712646484375
2020-11-06,74.33936309814453,102.61072540283203,131.44696044921875,99.51602172851562,108.90083312988281,61.84130096435547,84.54405212402344,47.63417434692383,322.9562072753906
2020-11-13,74.29633331298828,102.1679458618164,130.4162139892578,99.77076721191406,108.55699157714844,61.993656158447266,85.3463134765625,47.52819061279297,330.2792663574219
2020-11-20,74.33074951171875,102.61072540283203,133.17848205566406,100.16083526611328,110.00433349609375,62.341941833496094,85.56375122070312,47.7157096862793,327.7244567871094
2020-11-27,74.34794616699219,102.58517456054688,132.1148681640625,100.52703857421875,110.34815216064453,62.69747543334961,85.82617950439453,47.74015808105469,335.4165344238281
2020-12-04,74.35051727294922,101.67343139648438,128.10589599609375,100.54524993896484,109.76732635498047,63.266666412353516,86.35787963867188,47.64634323120117,341.116455078125
2020-12-11,74.40217590332031,102.38072967529297,131.05262756347656,101.07121276855469,109.99166107177734,63.1428108215332,86.46322631835938,47.940120697021484,337.8422546386719
2020-12-18,74.38668823242188,101.97417449951172,129.1732635498047,101.2568359375,110.1199722290039,63.404903411865234,86.98672485351562,47.77689743041992,341.949951171875
2020-12-25,74.38668823242188,102.14469146728516,129.9664764404297,101.42424011230469,110.60973358154297,63.67557907104492,87.19053649902344,47.81435012817383,341.783203125
2021-01-01,74.39530944824219,102.2725830078125,130.33001708984375,101.74307250976562,110.89879608154297,63.858463287353516,87.50762939453125,47.88794708251953,346.3032531738281
2021-01-08,74.36946105957031,100.81456756591797,125.03358459472656,101.0576171875,108.99600982666016,63.90964889526367,86.47334289550781,47.7570915222168,353.13897705078125
2021-01-15,74.36946105957031,100.99359893798828,125.44669342041016,101.3604736328125,109.30108642578125,63.71949005126953,85.63536071777344,47.71620178222656,347.98895263671875
2021-01-22,74.39530944824219,101.1044921875,125.49623107910156,101.83871459960938,108.94783020019531,63.858463287353516,85.95242309570312,47.6180534362793,354.6394348144531
2021-01-29,74.41250610351562,101.1556396484375,125.59541320800781,102.0140609741211,108.86751556396484,63.617069244384766,85.95242309570312,47.58534622192383,342.7743225097656
2021-02-05,74.42115020751953,100.53111267089844,122.45691680908203,101.79086303710938,108.43074798583984,64.25431060791016,86.50685119628906,47.49119186401367,359.1131591796875
2021-02-12,74.41250610351562,100.49699401855469,121.69580078125,101.74307250976562,108.34224700927734,64.44524383544922,85.94635009765625,47.352046966552734,363.6795654296875
2021-02-19,74.41250610351562,99.43049621582031,118.5191879272461,100.35623168945312,107.12751770019531,64.23963928222656,84.81787872314453,46.96734619140625,361.2620544433594
2021-02-26,74.36945343017578,98.76499938964844,118.39510345458984,100.29244232177734,106.40353393554688,63.461448669433594,83.33340454101562,46.79545211791992,352.3052978515625
2021-03-05,74.336669921875,97.68080139160156,115.05067443847656,99.83016967773438,104.59710693359375,63.82025146484375,82.5136489868164,46.82412338256836,355.33416748046875
2021-03-12,74.3281021118164,97.21977233886719,112.69021606445312,99.6548080444336,103.7507095336914,63.70235061645508,82.40725708007812,46.799564361572266,364.99481201171875
2021-03-19,74.34532928466797,96.49418640136719,111.60518646240234,99.55119323730469,103.6862564086914,63.40765380859375,83.03791809082031,46.75860595703125,361.93414306640625
2021-03-26,74.37115478515625,96.96369171142578,113.18712615966797,100.45185089111328,104.48431396484375,64.04127502441406,83.01507568359375,46.930633544921875,367.9744567871094
2021-04-02,74.32720947265625,96.83589935302734,114.04691314697266,100.31706237792969,105.48829650878906,64.3688735961914,83.3803482055664,46.84955596923828,372.2769470214844
2021-04-09,74.33582305908203,97.04944610595703,114.04691314697266,100.15724182128906,105.63368225097656,64.46497344970703,83.52517700195312,46.8659553527832,382.3875427246094
2021-04-16,74.35307312011719,97.63030242919922,115.49825286865234,101.05207824707031,105.85982513427734,64.5389175415039,84.77523040771484,46.84955596923828,387.7494812011719
2021-04-23,74.35307312011719,97.8182373046875,116.16177368164062,101.20389556884766,106.34443664550781,64.59065246582031,84.93528747558594,46.8741569519043,387.2662353515625
2021-04-30,74.37033081054688,97.37406158447266,114.98406982421875,101.45954895019531,105.92444610595703,64.64241790771484,84.71426391601562,46.70199203491211,387.7867126464844
2021-05-07,74.40652465820312,97.86470794677734,115.64275360107422,102.49839782714844,106.61636352539062,64.77888488769531,85.3320541381836,46.692989349365234,392.26568603515625
2021-05-14,74.38064575195312,97.57408142089844,113.85699462890625,102.48238372802734,106.04988861083984,64.68986511230469,85.0491714477539,46.52070999145508,387.1175537109375
2021-05-21,74.38064575195312,97.62535858154297,114.34701538085938,102.13739776611328,106.18746185302734,64.61569213867188,85.01856231689453,46.537109375,385.5935363769531
2021-05-28,74.4151382446289,97.78779602050781,114.98660278320312,102.49839782714844,106.58394622802734,64.66758728027344,85.53089141845703,46.70118713378906,390.3329162597656
2021-06-04,74.40825653076172,98.17186737060547,116.36651611328125,102.81377410888672,107.10045623779297,64.951171875,85.92057037353516,46.78410339355469,392.7117614746094
2021-06-11,74.40825653076172,98.89035034179688,118.37112426757812,102.96697998046875,108.38155364990234,65.21168518066406,86.60325622558594,47.030372619628906,394.30084228515625
2021-06-18,74.2444076538086,98.83051300048828,121.2157974243164,102.57177734375,108.92478942871094,65.07025909423828,86.12000274658203,46.85798645019531,386.8363952636719
2021-06-25,74.25305938720703,98.27448272705078,118.1216049194336,102.8944091796875,108.22748565673828,65.44239807128906,86.0125961303711,46.75127029418945,397.7351379394531
2021-07-02,74.307373046875,99.0761489868164,120.79922485351562,103.77941131591797,109.15461730957031,65.75725555419922,86.27730560302734,46.999290466308594,404.3638916015625
2021-07-09,74.35047912597656,99.64108276367188,122.04020690917969,103.85250854492188,109.52021026611328,65.71244812011719,86.3003921508789,47.08964157104492,406.0421447753906
2021-07-16,74.32463073730469,100.11188507080078,123.43939971923828,104.72110748291016,109.64208221435547,65.46599578857422,86.56969451904297,47.33610534667969,402.14501953125
2021-07-23,74.38496398925781,100.33438873291016,123.68091583251953,105.24068450927734,110.29196166992188,65.67508697509766,86.69283294677734,47.49219512939453,410.16290283203125
2021-07-30,74.41083526611328,100.75385284423828,124.53044891357422,106.00373077392578,110.48689270019531,65.59295654296875,86.74665832519531,47.57435607910156,408.8297424316406
2021-08-06,74.3521957397461,100.23652648925781,123.23126220703125,105.3234634399414,109.58604431152344,65.4603500366211,86.4224853515625,47.566932678222656,412.5404052734375
2021-08-13,74.34357452392578,100.41637420654297,123.87337493896484,105.59297943115234,109.92782592773438,65.52029418945312,86.70036315917969,47.632694244384766,415.73822021484375
2021-08-20,74.34357452392578,100.6647720336914,125.54109954833984,105.1438217163086,110.0499267578125,65.3929443359375,86.53056335449219,47.68202209472656,413.3514099121094
2021-08-27,74.37808227539062,100.3478775024414,124.63220977783203,106.15643310546875,110.17193603515625,65.89483642578125,87.26384735107422,47.53404998779297,419.7750549316406
2021-09-03,74.38066864013672,100.27926635742188,123.72193908691406,105.76895141601562,110.044921875,66.13878631591797,87.63316345214844,47.394309997558594,422.41351318359375
2021-09-10,74.36341094970703,100.12503814697266,123.90559387207031,106.19657897949219,110.2731704711914,66.00350952148438,87.41637420654297,47.32026672363281,415.2906494140625
2021-09-17,74.34613800048828,99.84217071533203,124.54854583740234,105.834716796875,110.34652709960938,66.13127136230469,87.10664367675781,47.17218780517578,412.8425598144531
2021-09-24,74.2685317993164,99.17361450195312,122.66159057617188,105.11105346679688,109.98785400390625,66.06363677978516,85.89875793457031,47.00765609741211,415.1900939941406
2021-10-01,74.3470458984375,99.15679931640625,121.51312255859375,105.45963287353516,109.23526000976562,65.90560150146484,85.19799041748047,46.94025421142578,406.14569091796875
2021-10-08,74.2435073852539,98.14469909667969,118.6121826171875,105.43489074707031,107.65889739990234,65.41551971435547,84.54554748535156,46.643890380859375,409.5315246582031
2021-10-15,74.14860534667969,98.28193664550781,121.24560546875,106.07845306396484,108.81055450439453,65.76234436035156,85.38438415527344,46.79207992553711,417.0232849121094
2021-10-22,74.04508209228516,97.74162292480469,120.49324798583984,106.2435302734375,108.06729125976562,65.47582244873047,85.05818939208984,46.643890380859375,423.80426025390625
2021-10-29,74.06232452392578,98.31623840332031,123.46937561035156,106.16925048828125,109.02291107177734,65.543701171875,85.35332489013672,46.65211868286133,429.53765869140625
2021-11-05,74.19258880615234,99.31270599365234,124.97445678710938,107.095947265625,110.34213256835938,66.18437194824219,86.35698699951172,47.1373405456543,438.21728515625
2021-11-12,74.01142120361328,98.377197265625,123.32538604736328,107.71537017822266,108.82815551757812,65.69270324707031,85.39073181152344,46.96434020996094,437.03863525390625
2021-11-19,74.00279235839844,98.58319091796875,124.18753814697266,107.65757751464844,108.90997314453125,65.47335052490234,85.25825500488281,47.1373405456543,438.5539855957031
2021-11-26,74.04595184326172,99.02090454101562,126.00399780273438,107.2363052368164,108.5826416015625,64.64889526367188,83.045166015625,47.07966995239258,429.27569580078125
2021-12-03,73.97687530517578,99.94657135009766,129.35862731933594,107.29114532470703,110.0733871459961,65.26466369628906,84.94038391113281,47.28901290893555,424.0848693847656
2021-12-10,73.85601043701172,99.07044219970703,124.75755310058594,106.34822845458984,108.86821746826172,65.74278259277344,85.30785369873047,47.239540100097656,440.2842712402344
2021-12-17,73.90608215332031,99.73748016357422,126.5510025024414,106.43733215332031,109.25894927978516,65.76971435546875,85.1028060913086,47.31372833251953,431.6286315917969
2021-12-24,73.86294555664062,99.14424133300781,124.61285400390625,106.71194458007812,109.00428771972656,66.37133026123047,85.11847686767578,46.96294403076172,441.6996765136719
2021-12-31,73.86294555664062,98.86911010742188,124.33596801757812,107.51915740966797,108.8564453125,66.25707244873047,85.55781555175781,46.793270111083984,445.7918395996094
2022-01-07,73.64708709716797,96.9261474609375,119.36054229736328,105.04757690429688,106.55640411376953,65.38899230957031,83.61225891113281,46.47092819213867,437.4666748046875
2022-01-14,73.54342651367188,96.78858184814453,119.22628784179688,104.78125762939453,106.09640502929688,65.55648803710938,82.31781768798828,46.462440490722656,436.1807861328125
2022-01-21,73.50889587402344,97.05510711669922,120.50999450683594,104.83948516845703,105.88284301757812,65.06155395507812,82.83560943603516,46.453948974609375,411.0828857421875
2022-01-28,73.35346984863281,96.77997589111328,120.09043884277344,105.02262115478516,104.89715576171875,64.4828109741211,82.69438171386719,46.31820297241211,414.80914306640625
2022-02-04,73.15740203857422,95.69393920898438,116.79607391357422,103.47589874267578,103.24445343017578,64.02040100097656,82.15360260009766,45.67902755737305,421.1446533203125
2022-02-11,72.94146728515625,95.64234161376953,116.1575698852539,103.5927734375,102.74243927001953,63.172080993652344,80.5869140625,45.42431640625,413.41064453125
2022-02-18,72.95873260498047,95.7111587524414,116.1407470703125,103.6679458618164,101.78775024414062,63.347862243652344,81.09077453613281,45.500728607177734,407.5632629394531
2022-02-25,72.90691375732422,95.40137481689453,114.99805450439453,104.39444732666016,101.62317657470703,63.898128509521484,78.86273956298828,45.26299285888672,410.8670959472656
2022-03-04,73.04082489013672,97.33064270019531,117.98561096191406,106.958740234375,101.96400451660156,63.31265640258789,74.753662109375,45.92973709106445,405.6297607421875
2022-03-11,72.72111511230469,95.22898864746094,113.50141143798828,107.50247955322266,99.110595703125,62.07773208618164,75.0697250366211,45.0461540222168,394.27276611328125
2022-03-18,72.4446792602539,93.94559478759766,112.2646484375,106.0133285522461,100.45482635498047,63.304996490478516,77.07662200927734,44.884742736816406,418.5174255371094
2022-03-25,71.995361328125,91.37022399902344,108.2431640625,104.53254699707031,98.36011505126953,62.37686538696289,75.78083801269531,44.37495422363281,426.2095031738281
2022-04-01,71.8622817993164,91.96473693847656,111.5434341430664,103.64041900634766,100.07205963134766,63.11631393432617,77.52259826660156,44.4836540222168,426.4261474609375
2022-04-08,71.79312896728516,89.8089599609375,105.42620086669922,102.4111328125,96.85726165771484,61.79928970336914,75.4601821899414,43.948020935058594,421.3890686035156
2022-04-15,71.89684295654297,89.19670104980469,101.74402618408203,102.02381134033203,95.35314178466797,61.79928970336914,74.3337631225586,43.6589469909668,412.1811828613281
2022-04-22,71.63754272460938,88.59310150146484,101.10364532470703,102.23429870605469,93.7333755493164,61.04452133178711,73.04876708984375,43.38688278198242,401.1184997558594
2022-04-29,71.65483093261719,88.6534652709961,100.64865112304688,101.93958282470703,93.0556869506836,60.48228073120117,72.08893585205078,43.21683120727539,387.8996887207031
2022-05-06,71.67559051513672,87.27639770507812,95.94149780273438,100.28321075439453,91.78341674804688,59.99128341674805,71.16029357910156,42.77267074584961,387.2783203125
2022-05-13,71.90044403076172,88.58869934082031,97.89118957519531,100.73296356201172,92.47918701171875,59.388221740722656,71.1204605102539,43.25767517089844,378.2210388183594
2022-05-20,71.9782943725586,89.6506118774414,100.026611328125,100.63960266113281,93.11697387695312,59.117610931396484,71.38330841064453,43.155555725097656,366.83831787109375
2022-05-27,72.19448852539062,90.14273071289062,100.50767517089844,101.64940643310547,95.4941635131836,62.0015983581543,73.04781341552734,43.24916458129883,390.9690246582031
2022-06-03,71.93924713134766,88.65625,98.10762023925781,101.56080627441406,93.97977447509766,61.038848876953125,72.74944305419922,42.595420837402344,386.5251770019531
2022-06-10,71.44590759277344,87.07434844970703,96.19670867919922,100.42766571044922,91.76292419433594,58.70256805419922,69.71987915039062,41.88861846923828,366.9983215332031
2022-06-17,71.29875946044922,86.61617279052734,94.76775360107422,98.48759460449219,90.85790252685547,57.476173400878906,68.68873596191406,41.57353973388672,345.94671630859375
2022-06-24,71.5238037109375,87.43740844726562,95.17359161376953,99.09709167480469,91.40591430664062,58.244606018066406,69.13636779785156,41.91417694091797,368.8484802246094
2022-07-01,71.86935424804688,89.37947082519531,98.12393951416016,99.35816192626953,92.51081085205078,57.679649353027344,69.15717315673828,42.45345687866211,360.4895324707031
2022-07-08,71.52281188964844,87.86442565917969,95.31119537353516,97.92605590820312,91.86979675292969,58.389163970947266,67.93701171875,42.257415771484375,367.5151672363281
2022-07-15,71.53147888183594,88.95526885986328,98.39506530761719,98.8836441040039,93.10189819335938,58.8647575378418,66.38766479492188,42.717655181884766,364.16790771484375
2022-07-22,71.78270721435547,90.2278823852539,100.43682861328125,100.0138168334961,94.60044860839844,59.94847106933594,69.04480743408203,42.97333908081055,373.58575439453125
2022-07-29,71.94730377197266,91.05036163330078,99.48796844482422,101.99803161621094,95.41632843017578,60.962032318115234,70.6583251953125,43.54439163208008,389.5658874511719
2022-08-05,71.52061462402344,89.83098602294922,98.85392761230469,100.33751678466797,94.31975555419922,61.08259963989258,71.29987335205078,43.48381423950195,390.96533203125
2022-08-12,71.5813217163086,89.90039825439453,98.07311248779297,100.61629486083984,95.33787536621094,61.78703308105469,72.66988372802734,43.39851379394531,403.85345458984375
2022-08-19,71.5726547241211,88.87700653076172,95.94273376464844,100.57272338867188,93.13469696044922,60.22943115234375,69.95394134521484,42.77573013305664,399.16339111328125
2022-08-26,71.45994567871094,88.43470764160156,96.43502044677734,100.6947021484375,92.72578430175781,59.3371467590332,69.74440002441406,42.36622619628906,383.24951171875
2022-09-02,71.4687271118164,87.33203125,93.74702453613281,99.07036590576172,90.70818328857422,58.45010757446289,68.81951904296875,42.09164810180664,370.89080810546875
2022-09-09,71.26902770996094,86.61092376708984,92.12247467041016,98.02919006347656,90.69981384277344,59.62997817993164,69.6688232421875,41.596343994140625,384.46923828125
2022-09-16,70.91300201416016,85.73343658447266,91.06775665283203,96.79386901855469,89.62863159179688,58.36359786987305,68.10769653320312,41.681732177734375,366.07208251953125
2022-09-23,70.52230072021484,84.117431640625,89.90257263183594,94.88802337646484,87.71220397949219,56.73540115356445,66.2634506225586,41.041255950927734,349.3521728515625
2022-09-30,70.51359558105469,83.39636993408203,87.1383056640625,92.55860137939453,85.73717498779297,56.153324127197266,64.22508239746094,40.759456634521484,339.1264953613281
2022-10-07,70.45101928710938,82.88886260986328,86.10154724121094,93.09685516357422,85.99665069580078,57.007781982421875,64.35590362548828,40.57994079589844,344.45294189453125
2022-10-14,70.28580474853516,82.07059478759766,84.03832244873047,93.25569915771484,84.28375244140625,56.525634765625,63.226287841796875,40.26365661621094,339.55377197265625
2022-10-21,70.37277221679688,81.0782241821289,79.43441009521484,92.93804168701172,83.52808380126953,57.30025100708008,63.34003829956055,40.246551513671875,355.3717041015625
2022-10-28,70.52925109863281,82.55805206298828,82.52926635742188,94.00566101074219,85.56004333496094,58.928611755371094,65.1279525756836,41.033023834228516,369.3572082519531
2022-11-04,70.26899719238281,81.49720001220703,80.52734375,92.94683074951172,85.16307830810547,57.8449592590332,65.6652603149414,40.7968635559082,357.32757568359375
2022-11-11,70.75674438476562,83.69558715820312,83.66401672363281,94.49095153808594,88.06864929199219,59.0748405456543,68.18868255615234,41.3617057800293,378.3674621582031
2022-11-18,70.60867309570312,83.8613510131836,85.15968322753906,93.52037048339844,89.11298370361328,58.90028762817383,68.2621841430664,41.50718688964844,376.0128173828125
2022-11-25,70.71318054199219,84.71627807617188,87.94590759277344,94.82626342773438,90.76365661621094,59.51917266845703,69.74842834472656,41.90087890625,381.9944152832031
2022-12-02,71.04877471923828,86.25732421875,91.74492645263672,97.33512115478516,92.44841766357422,60.20945358276367,71.67919158935547,42.25209426879883,386.34295654296875
2022-12-09,70.97027587890625,85.53182983398438,91.09381866455078,95.78914642333984,91.97530364990234,59.79511642456055,70.5887680053711,42.04643630981445,373.4018249511719
2022-12-16,71.2243881225586,86.36387634277344,91.9840087890625,95.34493255615234,92.4238052368164,59.757164001464844,70.6760482788086,41.72941589355469,365.56884765625
2022-12-23,71.12820434570312,84.7348403930664,87.7330322265625,94.76884460449219,90.72888946533203,59.588958740234375,70.10810852050781,41.0734977722168,365.2254943847656
2022-12-30,70.9969711303711,83.88533020019531,85.50020599365234,94.33457946777344,89.3475570678711,58.98019027709961,69.62251281738281,40.82388687133789,364.7676086425781
2023-01-06,71.3031005859375,86.16242218017578,90.3265609741211,95.62855529785156,92.03400421142578,60.50213623046875,71.38387298583984,41.57271194458008,370.15667724609375
2023-01-13,71.40808868408203,86.69668579101562,91.67483520507812,95.86782836914062,93.61873626708984,61.39130401611328,72.281005859375,41.76206970214844,380.09539794921875
2023-01-20,71.53053283691406,86.85433959960938,91.2025375366211,96.2932357788086,93.68653869628906,61.014808654785156,72.84069061279297,41.92560958862305,377.5963439941406
2023-01-27,71.48681640625,86.72293853759766,91.64048767089844,96.72750854492188,93.64413452148438,61.006797790527344,72.93121337890625,41.83953094482422,386.94384765625
2023-02-03,71.41835021972656,86.5400390625,91.86767578125,95.90328216552734,93.96791076660156,61.487483978271484,72.95146942138672,42.04042053222656,393.3057556152344
2023-02-10,71.19049835205078,85.10064697265625,89.01776885986328,95.4335708618164,91.60469055175781,60.19155502319336,70.91950988769531,41.66981887817383,389.19482421875
2023-02-17,71.1379165649414,84.61788940429688,88.14820098876953,95.22972869873047,90.99262237548828,60.01447677612305,70.51477813720703,41.54054641723633,388.4508361816406
2023-02-24,70.92759704589844,83.66122436523438,86.93416595458984,94.44095611572266,89.98101043701172,59.7005615234375,70.34957885742188,41.273372650146484,378.0733642578125
2023-03-03,70.91172790527344,83.70086669921875,87.9424057006836,95.72603607177734,90.57112121582031,60.50860595703125,70.75507354736328,41.13458251953125,385.522705078125
2023-03-10,71.30683898925781,85.60057830810547,91.13595581054688,95.79695129394531,91.12564849853516,59.472042083740234,70.52271270751953,41.67822265625,368.0869445800781
2023-03-17,72.23760223388672,87.29800415039062,92.22347259521484,96.26667022705078,92.1237564086914,59.41536331176758,69.85896301269531,42.35990524291992,373.3980712890625
2023-03-24,72.45709228515625,87.85205078125,92.22347259521484,97.40111541748047,93.38627624511719,59.601627349853516,70.84628295898438,42.48072052001953,378.91302490234375
2023-03-31,72.14099884033203,87.17489624023438,91.80921173095703,97.71128845214844,93.5057601928711,61.18074417114258,71.58472442626953,42.21321487426758,391.9727783203125
2023-04-07,72.46659088134766,88.54606628417969,93.91099548339844,98.62255096435547,94.41283416748047,60.881378173828125,71.72802734375,42.35322189331055,391.78131103515625
2023-04-14,72.15859985351562,87.17134857177734,90.92569732666016,97.4601821899414,93.6084213256836,61.23931121826172,71.5613784790039,41.955692291259766,394.912109375
2023-04-21,72.10579681396484,86.86290740966797,90.3373031616211,97.37142181396484,93.2746810913086,61.00339889526367,70.66990661621094,41.91246795654297,394.6632080078125
2023-04-28,72.3170166015625,87.88513946533203,92.11981964111328,97.76185607910156,94.07052612304688,61.304386138916016,71.77799224853516,42.301368713378906,398.23455810546875
2023-05-05,72.51193237304688,88.06092834472656,90.9903564453125,97.9125747680664,93.19644165039062,61.08053207397461,71.43500518798828,42.2754020690918,395.074951171875
2023-05-12,72.47665405273438,87.86658477783203,90.45252227783203,97.59149932861328,93.00752258300781,60.80274200439453,71.28443908691406,42.32731628417969,394.0791931152344
2023-05-19,72.13265228271484,86.24122619628906,87.70260620117188,96.59257507324219,91.53926086425781,60.623008728027344,70.41438293457031,42.0330810546875,400.8100891113281
2023-05-26,71.832763671875,85.62289428710938,87.69392395019531,96.084228515625,91.41905975341797,60.47593307495117,70.48131561279297,41.86865997314453,402.1505432128906
2023-06-02,71.953369140625,86.1712646484375,88.70982360839844,96.27325439453125,92.44007110595703,61.22509765625,71.28846740722656,42.24319839477539,409.7144470214844
2023-06-09,71.8649673461914,85.83479309082031,88.64892578125,96.21064758300781,91.96629333496094,61.34003829956055,71.54886627197266,42.19987106323242,411.61016845703125
2023-06-16,71.80308532714844,85.77281188964844,89.2403793334961,96.39847564697266,92.76741790771484,61.51240539550781,72.0697250366211,42.15653610229492,422.326416015625
2023-06-23,71.81193542480469,85.97645568847656,89.87532806396484,96.50579833984375,92.77603149414062,60.90491485595703,72.28813171386719,42.321205139160156,416.3200378417969
2023-06-30,71.6881332397461,85.53375244140625,89.53612518310547,96.26429748535156,93.15505981445312,61.627349853515625,72.69977569580078,42.36454391479492,425.9975280761719
2023-07-07,71.62252807617188,83.95565032958984,86.41206359863281,95.12655639648438,91.20887756347656,60.95302963256836,71.34687805175781,41.86800003051758,421.4519348144531
2023-07-14,71.95051574707031,85.67755126953125,88.33952331542969,96.27685546875,92.85948181152344,61.98472595214844,73.32897186279297,42.1978645324707,431.7635803222656
2023-07-21,71.92394256591797,85.59764862060547,88.72325897216797,96.70825958251953,93.30892181396484,62.207576751708984,73.37957000732422,42.38017272949219,434.55047607421875
2023-07-28,71.88843536376953,84.86981201171875,87.04876708984375,96.27685546875,92.9459457397461,62.166297912597656,73.85191345214844,42.34543991088867,439.1057434082031
2023-08-04,72.0501708984375,84.57769012451172,84.42015838623047,95.8814926147461,91.83416748046875,61.9068717956543,73.02842712402344,42.1733283996582,429.3898620605469
2023-08-11,71.96127319335938,83.75904846191406,83.40569305419922,95.26908111572266,91.09709167480469,62.056129455566406,72.68122863769531,42.06898880004883,428.275146484375
2023-08-18,71.9968490600586,83.28744506835938,82.00640106201172,94.62972259521484,90.27326202392578,61.44245147705078,71.27554321289062,41.94725036621094,419.4817810058594
2023-08-25,71.92574310302734,83.36753845214844,83.27449798583984,94.94488525390625,91.01903533935547,61.873695373535156,71.87677764892578,42.16463851928711,422.8165588378906
2023-09-01,72.16202545166016,83.839599609375,83.19971466064453,95.02715301513672,91.40435791015625,62.546810150146484,72.40865325927734,42.302738189697266,433.5990905761719
2023-09-08,72.09077453613281,83.42031860351562,82.77867889404297,95.25298309326172,91.13457489013672,62.171871185302734,72.03448486328125,42.145965576171875,428.150146484375
2023-09-15,72.08186340332031,83.04563903808594,81.5418701171875,94.94584655761719,90.82996368408203,62.18851089477539,71.80488586425781,42.04145050048828,427.58697509765625
2023-09-22,72.08186340332031,82.46578216552734,80.19981384277344,94.50326538085938,90.36870574951172,61.65530014038086,71.26914978027344,41.94564437866211,415.0979309082031
2023-09-29,72.14421844482422,81.70748901367188,77.79634857177734,93.69027709960938,88.78485107421875,61.4220085144043,70.17218780517578,41.65822982788086,412.2625732421875
2023-10-06,72.18799591064453,80.56171417236328,74.61093139648438,92.39735412597656,87.35111236572266,60.881778717041016,68.95349884033203,41.43052291870117,414.24920654296875
2023-10-13,72.29518127441406,81.60819244384766,77.09237670898438,93.77259063720703,88.57424926757812,60.932037353515625,69.43177032470703,41.84055709838867,416.13946533203125
2023-10-20,72.30413055419922,80.02505493164062,73.24700927734375,93.04877471923828,86.20658111572266,60.2452507019043,68.44963073730469,41.42180252075195,406.196533203125
2023-10-27,72.4381332397461,80.57064056396484,74.24136352539062,93.39259338378906,87.02787017822266,60.60536575317383,69.1755599975586,41.65735626220703,396.060546875
2023-11-03,72.75180053710938,82.18543243408203,77.3747329711914,94.73200225830078,89.36534118652344,62.657371520996094,71.64714050292969,42.185325622558594,419.2159118652344
2023-11-10,72.5636978149414,81.7818374633789,77.69261169433594,94.18672180175781,89.59332275390625,62.36266326904297,71.01231384277344,42.23775863647461,424.9251403808594
2023-11-17,72.81453704833984,82.99268341064453,79.5027084350586,94.93193054199219,91.5400619506836,62.96052169799805,72.2390365600586,42.700965881347656,434.7427978515625
2023-11-24,72.82349395751953,82.75949096679688,79.29077911376953,94.70475006103516,91.8294448852539,63.15419387817383,72.90814971923828,42.57860565185547,439.09222412109375
2023-12-01,73.35897064208984,84.572509765625,82.36746978759766,96.08365631103516,94.32839965820312,64.27989959716797,74.79293823242188,43.284332275390625,442.7569580078125
2023-12-08,73.21516418457031,84.4915542602539,83.74040222167969,96.10188293457031,94.4956283569336,64.16991424560547,74.78431701660156,43.441917419433594,443.8178405761719
2023-12-15,73.6556167602539,86.5816879272461,88.10671997070312,98.05143737792969,97.48526000976562,65.39632415771484,76.7454605102539,44.142311096191406,454.4579162597656
2023-12-22,73.87195587158203,86.7620849609375,87.5113525390625,97.8601303100586,97.25554656982422,65.8553695678711,76.99625396728516,44.43681335449219,458.6410217285156
2023-12-29,73.9531021118164,86.94247436523438,87.8668212890625,97.92390441894531,97.750244140625,65.78736877441406,77.01350402832031,44.409812927246094,460.2484436035156
2024-01-05,73.81787109375,85.9863510131836,85.56529235839844,97.2679672241211,95.98356628417969,65.18382263183594,75.37915802001953,43.99603271484375,453.09259033203125
2024-01-12,74.22351837158203,86.79814910888672,85.76966094970703,98.19718933105469,97.555908203125,66.05088806152344,76.53791809082031,44.166927337646484,461.57501220703125
2024-01-19,73.94408416748047,85.63460540771484,83.61030578613281,97.4957275390625,96.27506256103516,65.60034942626953,75.65589141845703,43.88808822631836,467.1427917480469
2024-01-26,74.02521514892578,85.65264129638672,83.33485412597656,97.23153686523438,96.36339569091797,65.99140167236328,75.7596206665039,43.83411407470703,471.96502685546875
2024-02-02,74.06269836425781,86.40522003173828,85.64447784423828,97.47750091552734,97.17469024658203,65.94418334960938,76.1030502319336,44.0282096862793,478.6850891113281
2024-02-09,73.96326446533203,85.43773651123047,83.66536712646484,96.86713409423828,95.88045501708984,66.08940887451172,75.97280883789062,43.81193923950195,485.3179931640625
2024-02-16,73.82765197753906,84.75955200195312,82.69367218017578,96.71224975585938,95.27764892578125,65.70498657226562,75.71228790283203,43.856990814208984,483.6816101074219
2024-02-23,73.83666229248047,85.0308609008789,83.68321990966797,96.76689910888672,95.79180908203125,66.08087921142578,76.54594421386719,43.95612335205078,491.7572937011719
2024-03-01,74.04505157470703,85.58252716064453,84.48271179199219,97.5868148803711,96.0181884765625,66.31123352050781,77.1261978149414,43.9787712097168,496.59881591796875
2024-03-08,74.17200469970703,86.33499908447266,85.60950469970703,98.01499938964844,96.99687957763672,66.500244140625,77.8064956665039,44.321781158447266,495.5046691894531
2024-03-15,73.8908920288086,84.90257263183594,83.1144790649414,96.85800170898438,95.92032623291016,66.21672821044922,77.02153015136719,44.05097961425781,495.2084655761719
2024-03-22,74.1357192993164,85.67317199707031,84.04454040527344,97.79635620117188,96.68547058105469,66.75800323486328,78.3123550415039,44.38497543334961,506.2620544433594
2024-03-29,74.15383911132812,85.81822967529297,84.61686706542969,97.85102081298828,96.90791320800781,66.7837905883789,78.20771026611328,44.40302276611328,508.068603515625
2024-04-05,74.04467010498047,84.68714141845703,81.99872589111328,97.19924926757812,95.58702850341797,66.33901977539062,78.16040802001953,44.250186920166016,503.5617370605469
2024-04-12,73.88092803955078,83.93247985839844,81.01176452636719,96.73435974121094,94.72074127197266,65.950439453125,77.02191925048828,44.2049674987793,496.1991882324219
2024-04-19,73.84455108642578,83.4142074584961,79.98889923095703,96.42443084716797,93.78300476074219,65.6136474609375,76.64535522460938,43.94269943237305,480.95916748046875
2024-04-26,73.88092803955078,83.18687438964844,79.17239379882812,96.42443084716797,93.89015197753906,66.16634368896484,76.72418975830078,43.80705261230469,493.6834411621094
2024-05-03,74.202392578125,84.3187484741211,80.89041137695312,97.19945526123047,95.4014892578125,66.91441345214844,77.89635467529297,44.10517883300781,496.6265869140625
2024-05-10,74.18414306640625,84.35526275634766,81.14251708984375,97.30956268310547,95.32078552246094,66.75817108154297,77.96668243408203,44.087059020996094,505.9027099609375
2024-05-17,74.31189727783203,84.91152954101562,82.2860107421875,97.79590606689453,96.10980987548828,67.0880355834961,78.626220703125,44.15048599243164,514.2658081054688
2024-05-24,74.26628112792969,84.7017822265625,82.27700805664062,97.66741180419922,95.9215087890625,66.92308044433594,78.21290588378906,44.02363967895508,514.2559814453125
2024-05-31,74.3575439453125,84.62882995605469,81.43965148925781,97.90599060058594,95.84082794189453,66.95783233642578,78.30963897705078,43.90586471557617,512.245361328125
2024-06-07,74.40516662597656,85.01847839355469,82.66653442382812,97.97714233398438,96.26834869384766,67.06071472167969,78.12686920166016,44.05654525756836,518.6950073242188
2024-06-14,74.7256088256836,86.52767944335938,85.53047943115234,98.7624282836914,97.61842346191406,67.20899200439453,78.833251953125,44.43783950805664,527.2135620117188
2024-06-21,74.75309753417969,86.29902648925781,84.8890380859375,98.89176940917969,97.31242370605469,67.49683380126953,78.92155456542969,44.41968536376953,530.6002197265625
2024-06-28,74.76225280761719,85.65876770019531,82.91952514648438,98.65156555175781,96.41234588623047,67.27877807617188,78.12686920166016,44.18364715576172,530.3175048828125
2024-07-05,75.01029205322266,86.38813018798828,83.89017486572266,99.27958679199219,97.67325592041016,67.88813781738281,79.32493591308594,44.35010528564453,540.4713745117188
2024-07-12,75.29511260986328,87.11289978027344,85.14093780517578,99.73416900634766,98.60356140136719,68.3703384399414,80.04326629638672,44.55929183959961,545.6845703125
2024-07-19,75.25835418701172,86.7734603881836,84.21646118164062,99.54862976074219,97.88999938964844,68.3703384399414,79.15645599365234,44.64115905761719,534.965576171875
2024-07-26,75.4512710571289,87.1679916381836,84.27991485595703,99.63211059570312,98.09773254394531,68.64215850830078,79.59983825683594,44.77759552001953,530.531982421875
2024-08-02,76.19906616210938,89.88800811767578,89.371337890625,100.97172546386719,100.25385284423828,68.48146057128906,80.70250701904297,45.46135711669922,519.2866821289062
2024-08-09,76.02393341064453,88.9493637084961,87.53443908691406,100.53504180908203,99.44710540771484,68.71944427490234,80.5154800415039,45.333763122558594,519.3743896484375
2024-08-16,76.0792465209961,89.32666015625,88.60749053955078,100.71155548095703,100.78866577148438,69.48619842529297,81.52190399169922,45.434017181396484,540.149658203125
2024-08-23,76.32810974121094,89.98922729492188,89.47136688232422,101.62215423583984,101.67697143554688,69.97977447509766,82.4036636352539,45.53428649902344,547.7699584960938
2024-08-30,76.31890106201172,89.32666015625,87.74359893798828,101.15755462646484,100.80677795410156,69.92689514160156,82.02957153320312,45.35197830200195,549.2804565429688
2024-09-06,76.73326110839844,90.78311157226562,90.82997131347656,101.76168060302734,102.19417572021484,70.08631896972656,82.19769287109375,45.663421630859375,526.5560913085938
2024-09-13,76.90900421142578,91.2630386352539,91.60542297363281,102.64462280273438,102.99475860595703,70.52024841308594,83.20818328857422,45.919132232666016,547.6531372070312
2024-09-20,76.96450805664062,90.83848571777344,90.20957946777344,102.74687194824219,103.21309661865234,71.07818603515625,83.66421508789062,45.818660736083984,555.4320678710938
2024-09-27,77.02000427246094,90.81078338623047,89.92677307128906,102.7375717163086,103.04027557373047,71.166748046875,83.53904724121094,45.93739318847656,558.5794677734375
2024-10-04,76.57771301269531,89.2989730834961,87.45328521728516,101.78113555908203,101.82769775390625,70.83773040771484,83.06703186035156,45.78828811645508,560.0553588867188
2024-10-11,76.59627532958984,88.73432159423828,85.76005554199219,101.86488342285156,101.17940521240234,70.81104278564453,82.66295623779297,45.69677734375,566.5064697265625
2024-10-18,76.64266967773438,88.80838012695312,85.91565704345703,101.75323486328125,101.12461853027344,71.01573181152344,82.92339324951172,45.97128677368164,571.403564453125
2024-10-25,76.48490905761719,87.83644104003906,84.33226013183594,100.73905181884766,99.80976104736328,70.55296325683594,81.94464874267578,45.73338317871094,565.9786987304688
2024-11-01,76.40408325195312,86.9758071899414,83.42302703857422,100.34698486328125,98.9723892211914,70.4328384399414,81.31636810302734,45.5576286315918,558.1591186523438
2024-11-08,76.4227066040039,87.46792602539062,84.93831634521484,101.10124969482422,100.65840148925781,71.37195587158203,82.77778625488281,45.74100112915039,584.6967163085938
2024-11-15,76.37615203857422,86.65084075927734,82.72509765625,100.05830383300781,99.20144653320312,70.86214447021484,81.52384948730469,45.80518341064453,572.5374145507812
2024-11-22,76.3668441772461,86.91080474853516,83.009765625,100.35629272460938,99.32975006103516,71.09466552734375,81.9568862915039,45.87853240966797,582.0772094726562
2024-11-29,76.65550231933594,88.38717651367188,86.2974624633789,101.2781982421875,101.29984283447266,71.58658599853516,83.129638671875,46.34611511230469,588.9583129882812
2024-12-06,76.81898498535156,88.7336654663086,86.98402404785156,101.52071380615234,101.7899398803711,71.78515625,83.7529067993164,46.49126052856445,594.0997924804688
2024-12-13,76.68821716308594,87.26207733154297,83.07670593261719,100.54124450683594,99.96930694580078,71.34490966796875,82.5208511352539,46.197296142578125,590.5809326171875
2024-12-20,76.66002655029297,86.54055786132812,81.69741821289062,99.53253173828125,98.71843719482422,70.96480560302734,81.51856994628906,46.06869125366211,579.7603149414062
2024-12-27,76.6881332397461,86.0453109741211,80.57804107666016,99.37371063232422,98.41394805908203,70.93769836425781,81.28192138671875,45.85887908935547,583.5458984375
2025-01-03,76.8287582397461,86.29761505126953,80.75381469726562,99.48582458496094,98.36779022216797,71.3079605102539,81.6972427368164,45.90576171875,580.5448608398438
2025-01-10,76.7069091796875,85.34445190429688,79.06082916259766,99.23358154296875,97.26049041748047,70.91966247558594,81.03089904785156,45.502586364746094,569.3056640625
2025-01-17,76.94123077392578,86.39104461669922,80.66129302978516,100.13043975830078,98.53389739990234,71.75951385498047,82.0167236328125,45.84950256347656,586.0664672851562
2025-01-24,76.9974594116211,86.40973663330078,80.68904876708984,100.3639907836914,98.84762573242188,72.02141571044922,82.4640121459961,45.83074188232422,596.2562255859375
2025-01-31,77.13809204101562,86.92369842529297,81.18861389160156,100.90582275390625,99.16136932373047,71.99430847167969,82.65570831298828,46.10266876220703,590.2247314453125
2025-02-07,77.0938720703125,87.3136978149414,82.88019561767578,101.30756378173828,99.58647918701172,71.9852523803711,83.15193939208984,46.33097839355469,589.1949462890625
2025-02-14,77.21615600585938,87.48242950439453,82.768798828125,101.46636199951172,100.01250457763672,72.35720825195312,83.46382904052734,46.20883560180664,597.952880859375
2025-02-21,77.34781646728516,87.8480224609375,83.19585418701172,101.75598907470703,100.25328826904297,72.25740051269531,83.30790710449219,46.22762680053711,588.3809814453125
2025-02-28,77.7052230834961,89.35729217529297,85.81404113769531,103.08258819580078,101.51282501220703,72.69285583496094,84.4178237915039,46.50950241088867,582.73193359375
2025-03-07,77.71747589111328,88.74150085449219,83.92340850830078,102.26046752929688,100.69937896728516,72.41395568847656,83.81539154052734,45.648128509521484,564.82373046875
2025-03-14,77.75521850585938,88.82613372802734,83.97926330566406,102.22309112548828,100.35540008544922,71.8944320678711,83.56668090820312,45.619876861572266,551.96630859375
2025-03-21,77.90614318847656,89.33379364013672,84.47289276123047,102.85836791992188,101.10840606689453,72.20433807373047,83.80618286132812,45.80815505981445,554.7776489257812
2025-03-28,77.9910659790039,89.39960479736328,83.95133972167969,103.37220764160156,100.8481216430664,71.82154083251953,83.2626953125,45.95878982543945,546.5933227539062
2025-04-04,78.265380859375,91.07193756103516,86.78608703613281,103.98918151855469,101.51649475097656,70.3025894165039,81.96654510498047,46.30598449707031,497.03546142578125
2025-04-11,78.02873992919922,88.19529724121094,81.21532440185547,101.5163803100586,98.20354461669922,70.28428649902344,80.82850646972656,46.13616180419922,525.227783203125
2025-04-18,78.33165740966797,89.29878234863281,81.81350708007812,102.51302337646484,99.6220474243164,71.2276382446289,82.16083526611328,46.47581100463867,517.8206787109375
2025-04-25,78.41683959960938,89.79866027832031,83.08470153808594,103.25579833984375,100.77924346923828,72.14350891113281,83.62274169921875,46.62677764892578,541.6552734375
2025-05-02,78.36759185791016,89.609619140625,82.30216979980469,103.02111053466797,100.172119140625,72.30171966552734,83.05010986328125,46.545204162597656,557.5123291015625
2025-05-09,78.3296127319336,89.27842712402344,81.66425323486328,103.05891418457031,99.89102935791016,72.31094360351562,83.3475112915039,46.497928619384766,555.1318359375
2025-05-16,78.24413299560547,88.91883850097656,80.96066284179688,102.86994171142578,100.35012817382812,73.11183166503906,84.06312561035156,46.3939323425293,584.5045776367188
2025-05-23,78.3296127319336,88.72957611083984,79.31893157958984,102.56759643554688,99.58182525634766,72.67915344238281,83.57986450195312,46.4317512512207,569.6607666015625
2025-05-30,78.48153686523438,89.4865951538086,80.94188690185547,103.25732421875,100.97791290283203,73.24991607666016,84.2025375366211,46.753204345703125,579.7730712890625
2025-06-06,78.32149505615234,88.77458190917969,80.36750793457031,102.36034393310547,100.55095672607422,73.34796905517578,84.42192077636719,46.61771011352539,589.3639526367188
2025-06-13,78.51203155517578,89.51507568359375,81.290283203125,102.86235046386719,101.369140625,73.40345764160156,84.87004852294922,46.73141860961914,587.2589111328125
2025-06-20,78.63587951660156,89.80937194824219,81.44093322753906,103.51589965820312,101.69829559326172,73.81044006347656,85.08476257324219,46.82616424560547,586.3114624023438
2025-06-27,78.88358306884766,90.55936431884766,82.28839874267578,103.9610595703125,102.5164794921875,74.30989074707031,85.98097229003906,46.864070892333984,606.6648559570312
2025-07-04,78.76297760009766,90.24681091308594,82.19844055175781,103.94113159179688,102.94103240966797,74.68862915039062,86.70075988769531,46.877254486083984,616.9550170898438
2025-07-11,78.80122375488281,89.82774353027344,81.08319091796875,103.9126205444336,102.01599884033203,74.3726577758789,86.01647186279297,46.630393981933594,615.2579956054688
2025-07-18,78.8776626586914,89.90396881103516,80.56333923339844,104.2642822265625,102.2142333984375,74.57713317871094,86.13834381103516,46.70634841918945,619.1649780273438
2025-07-25,78.89678192138672,90.22775268554688,81.68805694580078,104.38784790039062,102.87494659423828,74.80016326904297,86.9163818359375,46.76332092285156,628.5572509765625
2025-08-01,79.26126098632812,91.42066955566406,83.319091796875,104.96366119384766,103.90184783935547,74.70165252685547,87.302734375,47.02669143676758,613.3834838867188
2025-08-08,79.22289276123047,91.13402557373047,82.81625366210938,105.13516235351562,103.69334411621094,74.92583465576172,87.9241714477539,46.9696044921875,628.6361694335938
2025-08-15,79.2708511352539,90.99070739746094,81.97186279296875,104.83980560302734,104.00611114501953,75.14998626708984,88.36670684814453,46.76026153564453,634.8123168945312
2025-08-22,79.44343566894531,91.50665283203125,82.58856201171875,105.67820739746094,104.44207000732422,75.51424407958984,88.7056884765625,46.89347839355469,636.6572265625
2025-08-29,79.56808471679688,91.8697509765625,82.16162109375,105.9164047241211,104.06298828125,75.52359771728516,88.62094116210938,46.92202377319336,636.400634765625
2025-09-05,79.7585220336914,92.77467346191406,84.34060668945312,106.59253692626953,105.73115539550781,75.89241027832031,89.60626983642578,47.1118049621582,638.561279296875
2025-09-12,79.76815795898438,92.96639251708984,85.66437530517578,106.79335021972656,106.53005981445312,75.97686004638672,90.06961059570312,47.12134552001953,648.5949096679688
2025-09-19,79.79702758789062,92.63087463378906,84.77867889404297,106.57342529296875,106.27327728271484,76.25839233398438,89.81430053710938,47.10226821899414,656.6160278320312
2025-09-26,79.72969055175781,92.23784637451172,84.6644058227539,106.25782012939453,105.76918029785156,76.08946990966797,90.05072021484375,47.10226821899414,654.756103515625
2025-10-03,79.87999725341797,92.69291687011719,85.41781616210938,106.38983917236328,106.48039245605469,76.22193145751953,90.40503692626953,47.221595764160156,662.0672607421875
2025-10-10,80.01507568359375,93.18330383300781,86.60286712646484,106.83053588867188,106.28947448730469,75.38276672363281,89.85430145263672,47.4127311706543,646.0499877929688
2025-10-17,80.1694564819336,93.64484405517578,87.1571273803711,106.99339294433594,107.1008529663086,76.1087875366211,90.90829467773438,47.59431838989258,657.2986450195312
2025-10-24,80.18875122070312,93.74099731445312,87.41519165039062,107.27122497558594,107.59721374511719,76.44822692871094,91.43053436279297,47.57520294189453,670.0213623046875
2025-10-31,80.06332397460938,93.1256103515625,86.28746795654297,106.70600128173828,106.17493438720703,76.1842269897461,91.7913589477539,47.6421012878418,674.780029296875
2025-11-07,80.17269134521484,93.26451110839844,85.90864562988281,106.59162139892578,106.0618896484375,76.12737274169922,91.57010650634766,47.52620315551758,663.808349609375
2025-11-14,80.17269134521484,93.02336883544922,85.23725128173828,106.44744873046875,105.62120819091797,76.02310943603516,91.52242279052734,47.37295913696289,664.758056640625
2025-11-21,80.36627960205078,93.7468032836914,85.84147644042969,106.70694732666016,106.2630844116211,76.16526794433594,91.69408416748047,47.46875,651.9959106445312
2025-11-28,80.41465759277344,94.04582214355469,86.52246856689453,106.93762969970703,107.16361236572266,76.7528305053711,92.2472152709961,47.55494689941406,676.0958862304688
2025-12-05,80.35545349121094,93.32799530029297,84.86785125732422,106.46722412109375,106.59917449951172,76.88135528564453,92.22040557861328,47.3380241394043,678.3712158203125
2025-12-12,80.4525375366211,93.05709838867188,84.06893157958984,106.25516510009766,105.93568420410156,76.70999145507812,92.15338134765625,47.2132453918457,674.4832763671875
2025-12-19,80.59325408935547,93.40757751464844,84.59903717041016,106.30463409423828,106.31538391113281,76.87261962890625,92.52944946289062,47.21994400024414,675.3153686523438
2025-12-26,80.62247467041016,93.6017074584961,84.78263092041016,106.41100311279297,106.8077163696289,77.1021957397461,92.78895568847656,47.40596389770508,684.9600219726562
2026-01-02,80.69064331054688,93.25230407714844,84.0965576171875,106.22727966308594,106.3443603515625,77.16915893554688,92.55828094482422,47.29827880859375,677.8753051757812
2026-01-09,80.66143035888672,93.46583557128906,84.96622467041016,106.53669738769531,106.8077163696289,77.48483276367188,92.61595916748047,47.52345275878906,688.6908569335938
2026-01-16,80.62247467041016,93.1067123413086,84.84061431884766,106.3819808959961,106.74015045166016,77.57093048095703,92.47177124023438,47.52345275878906,686.299560546875
2026-01-23,80.67115783691406,93.1261215209961,84.96622467041016,106.58504486083984,107.00079345703125,77.61876678466797,92.96196746826172,47.43534469604492,683.8883056640625
2026-01-30,80.81723022460938,93.1164321899414,84.19318389892578,106.8267822265625,106.74015045166016,77.59963989257812,92.82740020751953,47.552825927734375,686.6071166992188
2026-02-06,80.9344482421875,93.54680633544922,84.91292572021484,107.01049041748047,107.12578582763672,77.68518829345703,93.33419036865234,47.64310073852539,685.267578125
2026-02-13,81.12979125976562,94.65686798095703,87.02751159667969,107.70669555664062,108.12379455566406,77.72364807128906,94.0388412475586,47.898250579833984,676.4663696289062
2026-02-20,81.06143188476562,94.54002380371094,86.726806640625,107.5133056640625,108.12379455566406,77.86783599853516,94.26087188720703,48.065067291259766,684.0868530273438
2026-02-27,81.24700927734375,95.4163818359375,88.09449768066406,108.18048095703125,108.21099853515625,77.59867858886719,94.33809661865234,48.28096389770508,680.6734008789062
2026-03-06,81.02470397949219,94.1888427734375,86.09064483642578,107.74536895751953,107.10552978515625,76.98426055908203,92.80951690673828,47.63197326660156,667.1689453125
2026-03-13,80.84839630126953,93.3489990234375,84.22207641601562,107.0491714477539,105.17069244384766,76.51089477539062,91.4815902709961,47.199310302734375,657.1571655273438
2026-03-20,80.61334991455078,92.6556625366211,83.53108978271484,106.57537841796875,104.85957336425781,76.24040985107422,90.28936767578125,47.01247787475586,645.301025390625
2026-03-27,80.69169616699219,92.38221740722656,83.3461685180664,106.04356384277344,104.63594818115234,76.04721069335938,90.09551239013672,46.86498260498047,630.8939819335938
2026-04-03,80.90434265136719,93.3367691040039,84.80286407470703,107.14586639404297,106.53028106689453,77.23143768310547,91.52754211425781,47.27015686035156,652.5244140625
2026-04-10,80.95346069335938,93.3465576171875,84.50972747802734,107.34892272949219,106.60838317871094,77.6197280883789,93.01776885986328,47.30958557128906,676.0353393554688
2026-04-17,81.17938995361328,93.99324035644531,85.07645416259766,107.79371643066406,107.42845153808594,78.28954315185547,94.1573486328125,47.63483810424805,706.5607299804688
2026-04-24,81.11063385009766,93.6307144165039,84.72469329833984,108.10313415527344,106.99889373779297,78.12451934814453,93.6995849609375,47.477142333984375,710.341552734375
2026-05-01,81.03502655029297,93.1332015991211,83.9587631225586,108.21216583251953,106.4382095336914,78.12405395507812,93.48605346679688,47.3914680480957,717.0177001953125
2026-05-08,81.08428192138672,93.34947204589844,84.41970825195312,108.26077270507812,107.02626037597656,78.20210266113281,94.05340576171875,47.559417724609375,733.9021606445312
2026-05-15,80.84783172607422,91.92406463623047,82.04637908935547,107.49302673339844,105.71293640136719,77.5385513305664,92.6447982788086,46.99628829956055,735.4443969726562
2026-05-22,80.90694427490234,92.28778839111328,83.04669952392578,107.26950073242188,106.2127914428711,77.9776840209961,93.09476470947266,47.480384826660156,741.8817749023438
2026-05-29,81.08428192138672,93.04473114013672,84.10588073730469,108.07611846923828,107.1830825805664,78.36800384521484,94.3272933959961,47.747127532958984,752.6671142578125
2026-06-05,80.8896255493164,92.34146881103516,83.74748229980469,107.40563201904297,106.41865539550781,77.90603637695312,93.71530151367188,47.543128967285156,733.83251953125
2026-06-12,81.09713745117188,92.8938217163086,84.446533203125,107.75955963134766,107.24506378173828,78.40625762939453,94.6583480834961,47.79069519042969,738.0113525390625
2026-06-19,81.01808166503906,93.07135772705078,85.41141510009766,107.54326629638672,107.30408477783203,78.47491455078125,95.02181243896484,47.87982177734375,744.8902587890625
2026-06-26,81.21571350097656,93.7322006225586,86.01200866699219,107.84803771972656,107.72712707519531,78.2983627319336,94.83516693115234,48.038265228271484,727.1842651367188
2026-07-03,81.20405578613281,93.14093780517578,84.5014877319336,107.54090118408203,107.25669860839844,78.54308319091797,94.8947525024414,47.88063430786133,742.9351806640625
2026-07-10,81.14458465576172,92.6560287475586,83.4737548828125,107.34235382080078,106.09172058105469,78.54308319091797,94.68760681152344,47.72182846069336,753.0799560546875
2026-07-17,81.25360107421875,92.86383819580078,83.52316284179688,107.48133087158203,106.19044494628906,78.48396301269531,94.23384857177734,47.57294464111328,741.4487915039062
2026-07-24,81.11486053466797,92.06227111816406,82.26813507080078,106.71694946289062,104.87738800048828,78.07011413574219,93.35592651367188,47.44390869140625,737.099609375
2026-07-31,81.26351165771484,91.98310852050781,81.2799301147461,106.84599304199219,104.89713287353516,78.31645202636719,93.37565612792969,47.41413497924805,745.1796264648438
2026-08-07,81.4334945678711,92.517333984375,82.11337280273438,107.08000183105469,105.64871978759766,78.82538604736328,94.36046600341797,47.71165084838867,771.3446044921875
2026-08-14,81.51302337646484,92.38824462890625,81.39899444580078,106.98999786376953,105.22235870361328,78.92440032958984,94.17223358154297,47.482791900634766,774.4169921875
2026-08-21,81.51302337646484,92.16978454589844,81.40892028808594,107.12999725341797,105.0240478515625,78.82538604736328,93.84528350830078,47.413143157958984,763.8232421875
2026-08-28,81.40367126464844,92.19957733154297,82.23242950439453,106.94000244140625,105.45040893554688,78.9541015625,94.01371002197266,47.36338806152344,767.4442749023438
2026-09-04,81.44754791259766,91.93289184570312,81.8802261352539,106.97000122070312,105.02682495117188,78.80936431884766,94.00826263427734,47.33458709716797,768.2822265625
2026-09-11,81.12850189208984,90.69715881347656,80.54560852050781,105.83999633789062,103.8718032836914,78.25184631347656,92.88378143310547,46.875709533691406,762.3967895507812
2026-09-18,80.9988784790039,90.48788452148438,80.92407989501953,105.2699966430664,104.25016784667969,78.1821517944336,92.923583984375,46.9355583190918,761.6900024414062
2026-09-25,80.9689712524414,89.69062805175781,79.00182342529297,104.54000091552734,102.76657104492188,77.51512145996094,91.72945404052734,46.825828552246094,771.3499755859375
2026-10-02,81.05000305175781,89.05000305175781,77.4800033569336,104.11000061035156,101.83000183105469,76.91000366210938,90.13999938964844,46.86000061035156,769.6400146484375
